[Licensing::Module] Trying to connect to existing licensing client channel...
Built from '6000.5/staging' branch; Version is '6000.5.9f1 (b57deb96f08d) revision 11894251'; Using compiler version '194234433'; Build Type 'Release'
OS: 'Windows 11  (10.0.26200) CoreSingleLanguage' Language: 'en' Physical Memory: 16088 MB
[Licensing::IpcConnector] Successfully connected to: "LicenseClient-abi" at "2026-09-13T13:47:39.7060967Z"
BatchMode: 0, IsHumanControllingUs: 1, StartBugReporterOnCrash: 1, Is64bit: 1
System  architecture: x64
Process architecture: x64
Date: 2026-09-13T13:47:39Z

COMMAND LINE ARGUMENTS:
C:\Program Files\Unity\Hub\Editor\6000.5.9f1\Editor\Unity.exe
-projectpath
C:\Users\abi\My project (3)
-acceptSoftwareTermsForThisRunOnly
-useHub
-hubIPC
-cloudEnvironment
production
-licensingIpc
LicenseClient-abi
-hubSessionId
f7c8c5b5-2dff-449a-8b0a-2f0699e115f8
-accessToken
6q3gE26Du1LWSbBXXiEDPFGyOWAXj11STegAEtQeMhs011f
Successfully changed project path to: C:\Users\abi\My project (3)
C:/Users/abi/My project (3)
[UnityMemory] Configuration Parameters - Can be set up in boot.config
    "memorysetup-temp-allocator-size-gi-baking-worker=262144"
    "memorysetup-temp-allocator-size-gi-baking-worker=262144"
    "memorysetup-temp-allocator-size-gi-baking-worker=262144"
    "memorysetup-temp-allocator-size-gi-baking-worker=262144"
    "memorysetup-temp-allocator-size-gi-baking-worker=262144"
    "memorysetup-temp-allocator-size-nav-mesh-worker=65536"
    "memorysetup-temp-allocator-size-audio-worker=65536"
    "memorysetup-temp-allocator-size-cloud-worker=32768"
    "memorysetup-temp-allocator-size-gfx=262144"
    "memorysetup-remapper-allocator-initial-capacity=32768"
    "memorysetup-temp-allocator-size-preload-manager=33554432"
    "memorysetup-allocator-temp-initial-block-size-main=262144"
    "memorysetup-allocator-temp-initial-block-size-worker=262144"
    "memorysetup-temp-allocator-size-job-worker=262144"
    "memorysetup-temp-allocator-size-background-worker=32768"
    "memorysetup-bucket-allocator-granularity=16"
    "memorysetup-bucket-allocator-bucket-count=8"
    "memorysetup-bucket-allocator-block-size=33554432"
    "memorysetup-bucket-allocator-block-count=8"
    "memorysetup-main-allocator-block-size=16777216"
    "memorysetup-thread-allocator-block-size=16777216"
    "memorysetup-main-allocator-mimalloc-enabled=0"
    "memorysetup-gfx-main-allocator-block-size=16777216"
    "memorysetup-gfx-thread-allocator-block-size=16777216"
    "memorysetup-cache-allocator-block-size=4194304"
    "memorysetup-typetree-allocator-block-size=2097152"
    "memorysetup-profiler-bucket-allocator-granularity=16"
    "memorysetup-profiler-bucket-allocator-bucket-count=8"
    "memorysetup-profiler-bucket-allocator-block-size=33554432"
    "memorysetup-profiler-bucket-allocator-block-count=8"
    "memorysetup-profiler-allocator-block-size=16777216"
    "memorysetup-profiler-editor-allocator-block-size=1048576"
    "memorysetup-temp-allocator-size-main=16777216"
    "memorysetup-job-temp-allocator-block-size=2097152"
    "memorysetup-job-temp-allocator-block-size-background=1048576"
    "memorysetup-job-temp-allocator-reduction-small-platforms=262144"
Player connection [3132]  Target information:

Player connection [3132]  * "[IP] 192.168.68.107 [Port] 55504 [Flags] 2 [Guid] 3586502596 [EditorId] 3586502596 [Version] 1048832 [Id] WindowsEditor(7,MSI) [Debug] 1 [PackageName] WindowsEditor [ProjectName] Editor" 

Player connection [3132] Host joined multi-casting on [225.0.0.222:54997]...
Player connection [3132] Host joined alternative multi-casting on [225.0.0.222:34997]...
Input System module state changed to: Initialized.
[Physics::Module] Initialized fallback backend.
[Physics::Module] Id: 0xdecafbad
[Package Manager] Connected to IPC stream "Upm-16332" after 0.2 seconds.
[Licensing::Module] Licensing is not yet initialized.
[Licensing::Client] Error: HandshakeResponse reported an error:
	ResponseCode: 505
	ResponseStatus: Unsupported protocol version '1.18.3'.
[Licensing::Module] Error: Failed to handshake to channel: "LicenseClient-abi"
[Licensing::IpcConnector] LicenseClient-abi channel disconnected successfully.
[Licensing::IpcConnector] Channel LicenseClient-abi-6000.5.9 doesn't exist
[Licensing::Module] Successfully launched the LicensingClient (PId: 17672)
Starting IPC server.
Waiting for clients to connect on \\.\pipe\Unity-LicenseClient-abi-6000.5.9, press Ctrl-C to exit.
[Licensing::IpcConnector] Successfully connected to: "LicenseClient-abi-6000.5.9" at "2026-09-13T13:47:59.1551836Z"
[Licensing::Client] Code 10 while verifying Licensing Client signature (process Id: 17672, path: "C:/Program Files/Unity/Hub/Editor/6000.5.9f1/Editor/Data/Resources/Licensing/Client/Unity.Licensing.Client.exe")
[Licensing::Module] LicensingClient has failed validation; ignoring
[Licensing::Client] Handshaking with LicensingClient:
  Version:                 1.18.3+d7ffd15
  Session Id:              27963010528a45b3a30fc762520e3890
  Correlation Id:          760a73471db111af6a8013472fc91356
  External correlation Id: 6826694978495748632
  Machine Id:              aWJqcxvUFIX40hYXlmtZgOtM6t8=
[Licensing::Module] Successfully connected to LicensingClient on channel: "LicenseClient-abi-6000.5.9" (connect: 14.77s, validation: 0.46s, handshake: 0.05s)
[Licensing::IpcConnector] Successfully connected to: "LicenseClient-abi-6000.5.9-notifications" at "2026-09-13T13:47:59.6672544Z"
[Licensing::Module] Connected to LicensingClient (PId: 17672, launch time: 0.06, total connection time: 15.28s)
[Licensing::Client] Successfully updated the access token
[Licensing::Module] Successfully updated the access token 6q3gE26Du1...
[Licensing::Client] Successfully resolved entitlement details
[Licensing::Module] License group:
  Id: 18968374068413-UnityPersXXXX
  Product: Unity Personal
  Type: Assigned
  Expiration: Unlimited
[Licensing::Client] Successfully updated license, isAsync: True, time: 0.02
[Licensing::Client] Successfully resolved entitlement details
[Licensing::Module] Licensing Background thread has ended after 20.02s
[Licensing::Module] Licensing is initialized (took 16.35s).
[Licensing::Client] Successfully resolved entitlement details
Library Redirect Path: Library/
[Physics::Module] Selected backend.
[Physics::Module] Name: PhysX
[Physics::Module] Id: 0xf2b8ea05
[Physics::Module] SDK Version: 4.1.2
[Physics::Module] Integration Version: 1.0.0
[Physics::Module] Threading Mode: Multi-Threaded
Artifact Garbage Collection - Removed 49 unused hashed content files
Refreshing native plugins compatible for Editor in 3.98 ms, found 0 plugins.
Initialize engine version: 6000.5.9f1 (b57deb96f08d)
[Subsystems] Discovering subsystems at path C:/Program Files/Unity/Hub/Editor/6000.5.9f1/Editor/Data/Resources/UnitySubsystems
[Subsystems] Discovering subsystems at path C:/Users/abi/My project (3)/Assets
[D3D12 Device Filter] Vendor Name: NVIDIA
[D3D12 Device Filter] Device Name: NVIDIA GeForce RTX 4060 Laptop GPU
[D3D12 Device Filter] Driver Version: 32.0.16.1078
[D3D12 Device Filter] Feature Level: 12.2
[D3D12 Device Filter] Graphics Memory: 7956 MB
[D3D12 Device Filter] Processor Count: 12
[D3D12 Device Filter] Device Type: Discrete
GfxDevice: creating device client; kGfxThreadingModeSplitJobs
d3d12: failed to query info queue interface (0x80004002).
Direct3D:
    Version:         Direct3D 12 [level 12.2]
    Renderer:        NVIDIA GeForce RTX 4060 Laptop GPU (ID=0x28a0)
    Vendor:          NVIDIA
    VRAM:            7956 MB
    App VRAM Budget: 7188 MB
    Driver:          32.0.16.1078
Initialize mono
Mono path[0] = 'C:/Program Files/Unity/Hub/Editor/6000.5.9f1/Editor/Data/Managed'
Mono path[1] = 'C:/Program Files/Unity/Hub/Editor/6000.5.9f1/Editor/Data/BCLExtensions/runtime/netstandard2.1'
Mono path[2] = 'C:/Program Files/Unity/Hub/Editor/6000.5.9f1/Editor/Data/MonoBleedingEdge/lib/mono/unityjit-win32'
Mono config path = 'C:/Program Files/Unity/Hub/Editor/6000.5.9f1/Editor/Data/MonoBleedingEdge/etc'
Using monoOptions --debugger-agent=transport=dt_socket,embedding=1,server=y,suspend=n,address=127.0.0.1:56332
CodeReloadManager initialized
ImportWorker Server TCP listen port: 0
AcceleratorClientConnectionCallback - disconnected - :0
Begin MonoManager ReloadAssembly
Registering precompiled unity dll's ...
Register platform support module: C:/Program Files/Unity/Hub/Editor/6000.5.9f1/Editor/Data/PlaybackEngines/WindowsStandaloneSupport/UnityEditor.WindowsStandalone.Extensions.dll
Registered in 1.624305 seconds.
Native extension for WindowsStandalone target not found
Package Manager log level set to [2]
ScheduleIndexationOnStartup MainProcess:False IndexOnStartup:True
Mono: successfully reloaded assembly
- Finished resetting the current domain, in  2.392 seconds
Domain Reload Profiling: 14911ms
	BeginReloadAssembly (1343ms)
		CreateAndSetChildDomain (34ms)
	RebuildCommonClasses (18ms)
	RebuildNativeTypeToScriptingClass (1199ms)
	initialDomainReloadingComplete (2613ms)
	LoadAllAssembliesAndSetupDomain (7337ms)
		LoadAssemblies (1272ms)
		AnalyzeDomain (7118ms)
			TypeCache.Refresh (7107ms)
				TypeCache.ScanAssembly (5929ms)
			BuildScriptInfoCaches (4ms)
	FinalizeReload (2401ms)
		SetupLoadedEditorAssemblies (0ms)
			InitializePlatformSupportModulesInManaged (4ms)
			BeforeProcessingInitializeOnLoad (148ms)
			ProcessInitializeOnLoadAttributes (193ms)
			ProcessInitializeOnLoadMethodAttributes (1853ms)
[Licensing::Client] Successfully resolved entitlement details
Application.AssetDatabase Initial Refresh Start
[Package Manager] Restoring resolved packages state from cache
[Licensing::Client] Successfully resolved entitlement details
[Package Manager] Registered 57 packages:
  Packages from [https://packages.unity.com]:
    com.unity.ai.navigation@2.0.14 (location: C:\Users\abi\My project (3)\Library\PackageCache\com.unity.ai.navigation@134dd6a3b97b)
    com.unity.collab-proxy@2.13.6 (location: C:\Users\abi\My project (3)\Library\PackageCache\com.unity.collab-proxy@4628d2ba6ea4)
    com.unity.ide.rider@3.0.38 (location: C:\Users\abi\My project (3)\Library\PackageCache\com.unity.ide.rider@1f60b3138684)
    com.unity.ide.visualstudio@2.0.26 (location: C:\Users\abi\My project (3)\Library\PackageCache\com.unity.ide.visualstudio@a99d56dec63f)
    com.unity.inputsystem@1.20.0 (location: C:\Users\abi\My project (3)\Library\PackageCache\com.unity.inputsystem@7a4e1a2a8194)
    com.unity.timeline@1.8.12 (location: C:\Users\abi\My project (3)\Library\PackageCache\com.unity.timeline@8cd8509afae5)
    com.unity.visualscripting@1.9.12 (location: C:\Users\abi\My project (3)\Library\PackageCache\com.unity.visualscripting@4edfcc09512f)
    com.unity.searcher@4.9.5 (location: C:\Users\abi\My project (3)\Library\PackageCache\com.unity.searcher@a463122f2c00)
    com.unity.burst@1.8.30 (location: C:\Users\abi\My project (3)\Library\PackageCache\com.unity.burst@2f3d916873ea)
    com.unity.nuget.mono-cecil@1.11.6 (location: C:\Users\abi\My project (3)\Library\PackageCache\com.unity.nuget.mono-cecil@ecb9724e46ff)
    com.unity.test-framework.performance@3.5.0 (location: C:\Users\abi\My project (3)\Library\PackageCache\com.unity.test-framework.performance@8b56083ec0f0)
  Built-in packages:
    com.unity.multiplayer.center@1.0.1 (location: C:\Users\abi\My project (3)\Library\PackageCache\com.unity.multiplayer.center@b860850997d0)
    com.unity.render-pipelines.universal@17.5.0 (location: C:\Users\abi\My project (3)\Library\PackageCache\com.unity.render-pipelines.universal@d7774c218bdf)
    com.unity.test-framework@1.7.0 (location: C:\Users\abi\My project (3)\Library\PackageCache\com.unity.test-framework@1405238725ab)
    com.unity.ugui@2.5.0 (location: C:\Users\abi\My project (3)\Library\PackageCache\com.unity.ugui@1c4864518158)
    com.unity.modules.accessibility@1.0.0 (location: C:\Users\abi\My project (3)\Library\PackageCache\com.unity.modules.accessibility)
    com.unity.modules.adaptiveperformance@1.0.0 (location: C:\Users\abi\My project (3)\Library\PackageCache\com.unity.modules.adaptiveperformance)
    com.unity.modules.ai@1.0.0 (location: C:\Users\abi\My project (3)\Library\PackageCache\com.unity.modules.ai)
    com.unity.modules.androidjni@1.0.0 (location: C:\Users\abi\My project (3)\Library\PackageCache\com.unity.modules.androidjni)
    com.unity.modules.animation@1.0.0 (location: C:\Users\abi\My project (3)\Library\PackageCache\com.unity.modules.animation)
    com.unity.modules.assetbundle@1.0.0 (location: C:\Users\abi\My project (3)\Library\PackageCache\com.unity.modules.assetbundle)
    com.unity.modules.audio@1.0.0 (location: C:\Users\abi\My project (3)\Library\PackageCache\com.unity.modules.audio)
    com.unity.modules.cloth@1.0.0 (location: C:\Users\abi\My project (3)\Library\PackageCache\com.unity.modules.cloth)
    com.unity.modules.director@1.0.0 (location: C:\Users\abi\My project (3)\Library\PackageCache\com.unity.modules.director)
    com.unity.modules.imageconversion@1.0.0 (location: C:\Users\abi\My project (3)\Library\PackageCache\com.unity.modules.imageconversion)
    com.unity.modules.imgui@1.0.0 (location: C:\Users\abi\My project (3)\Library\PackageCache\com.unity.modules.imgui)
    com.unity.modules.jsonserialize@1.0.0 (location: C:\Users\abi\My project (3)\Library\PackageCache\com.unity.modules.jsonserialize)
    com.unity.modules.particlesystem@1.0.0 (location: C:\Users\abi\My project (3)\Library\PackageCache\com.unity.modules.particlesystem)
    com.unity.modules.physics@1.0.0 (location: C:\Users\abi\My project (3)\Library\PackageCache\com.unity.modules.physics)
    com.unity.modules.physics2d@1.0.0 (location: C:\Users\abi\My project (3)\Library\PackageCache\com.unity.modules.physics2d)
    com.unity.modules.physicscore2d@1.0.0 (location: C:\Users\abi\My project (3)\Library\PackageCache\com.unity.modules.physicscore2d)
    com.unity.modules.screencapture@1.0.0 (location: C:\Users\abi\My project (3)\Library\PackageCache\com.unity.modules.screencapture)
    com.unity.modules.terrain@1.0.0 (location: C:\Users\abi\My project (3)\Library\PackageCache\com.unity.modules.terrain)
    com.unity.modules.terrainphysics@1.0.0 (location: C:\Users\abi\My project (3)\Library\PackageCache\com.unity.modules.terrainphysics)
    com.unity.modules.tilemap@1.0.0 (location: C:\Users\abi\My project (3)\Library\PackageCache\com.unity.modules.tilemap)
    com.unity.modules.ui@1.0.0 (location: C:\Users\abi\My project (3)\Library\PackageCache\com.unity.modules.ui)
    com.unity.modules.uielements@1.0.0 (location: C:\Users\abi\My project (3)\Library\PackageCache\com.unity.modules.uielements)
    com.unity.modules.umbra@1.0.0 (location: C:\Users\abi\My project (3)\Library\PackageCache\com.unity.modules.umbra)
    com.unity.modules.unityanalytics@1.0.0 (location: C:\Users\abi\My project (3)\Library\PackageCache\com.unity.modules.unityanalytics)
    com.unity.modules.unitywebrequest@1.0.0 (location: C:\Users\abi\My project (3)\Library\PackageCache\com.unity.modules.unitywebrequest)
    com.unity.modules.unitywebrequestassetbundle@1.0.0 (location: C:\Users\abi\My project (3)\Library\PackageCache\com.unity.modules.unitywebrequestassetbundle)
    com.unity.modules.unitywebrequestaudio@1.0.0 (location: C:\Users\abi\My project (3)\Library\PackageCache\com.unity.modules.unitywebrequestaudio)
    com.unity.modules.unitywebrequesttexture@1.0.0 (location: C:\Users\abi\My project (3)\Library\PackageCache\com.unity.modules.unitywebrequesttexture)
    com.unity.modules.unitywebrequestwww@1.0.0 (location: C:\Users\abi\My project (3)\Library\PackageCache\com.unity.modules.unitywebrequestwww)
    com.unity.modules.vectorgraphics@1.0.0 (location: C:\Users\abi\My project (3)\Library\PackageCache\com.unity.modules.vectorgraphics)
    com.unity.modules.vehicles@1.0.0 (location: C:\Users\abi\My project (3)\Library\PackageCache\com.unity.modules.vehicles)
    com.unity.modules.video@1.0.0 (location: C:\Users\abi\My project (3)\Library\PackageCache\com.unity.modules.video)
    com.unity.modules.wind@1.0.0 (location: C:\Users\abi\My project (3)\Library\PackageCache\com.unity.modules.wind)
    com.unity.modules.xr@1.0.0 (location: C:\Users\abi\My project (3)\Library\PackageCache\com.unity.modules.xr)
    com.unity.modules.subsystems@1.0.0 (location: C:\Users\abi\My project (3)\Library\PackageCache\com.unity.modules.subsystems)
    com.unity.modules.hierarchycore@1.0.0 (location: C:\Users\abi\My project (3)\Library\PackageCache\com.unity.modules.hierarchycore)
    com.unity.ext.nunit@2.1.0 (location: C:\Users\abi\My project (3)\Library\PackageCache\com.unity.ext.nunit@44f7d31723bd)
    com.unity.render-pipelines.core@17.5.0 (location: C:\Users\abi\My project (3)\Library\PackageCache\com.unity.render-pipelines.core@a4c9a9793789)
    com.unity.shadergraph@17.5.0 (location: C:\Users\abi\My project (3)\Library\PackageCache\com.unity.shadergraph@8d7376ec43ee)
    com.unity.render-pipelines.universal-config@17.5.0 (location: C:\Users\abi\My project (3)\Library\PackageCache\com.unity.render-pipelines.universal-config@fdda01c80fe3)
    com.unity.collections@6.5.0 (location: C:\Users\abi\My project (3)\Library\PackageCache\com.unity.collections@ec2c217e4cb2)
    com.unity.mathematics@1.4.0 (location: C:\Users\abi\My project (3)\Library\PackageCache\com.unity.mathematics@981956d94fb6)
[Subsystems] No new subsystems found in resolved package list.
[Package Manager] Done registering packages in 0.07 seconds
info: Microsoft.Hosting.Lifetime[14]
      Now listening on: http://localhost:80
info: Microsoft.Hosting.Lifetime[0]
      Application started. Press Ctrl+C to shut down.
info: Microsoft.Hosting.Lifetime[0]
      Hosting environment: Production
info: Microsoft.Hosting.Lifetime[0]
      Content root path: C:\Users\abi\My project (3)
info: Microsoft.AspNetCore.Hosting.Diagnostics[1]
      Request starting HTTP/2 POST http://ilpp/UnityILPP.PostProcessing/Ping - application/grpc -
info: Microsoft.AspNetCore.Routing.EndpointMiddleware[0]
      Executing endpoint 'gRPC - /UnityILPP.PostProcessing/Ping'
info: Microsoft.AspNetCore.Routing.EndpointMiddleware[1]
      Executed endpoint 'gRPC - /UnityILPP.PostProcessing/Ping'
info: Microsoft.AspNetCore.Hosting.Diagnostics[2]
      Request finished HTTP/2 POST http://ilpp/UnityILPP.PostProcessing/Ping - 200 - application/grpc 102.5815ms
Starting: C:\Program Files\Unity\Hub\Editor\6000.5.9f1\Editor\Data\Tools\BuildPipeline\bee_backend.exe --ipc --defer-dag-verification --dagfile="Library/Bee/1900b0aE.dag" --continue-on-failure --profile="Library/Bee/backend1.traceevents" ScriptAssemblies
WorkingDir: C:/Users/abi/My project (3)
info: Microsoft.AspNetCore.Hosting.Diagnostics[1]
      Request starting HTTP/2 POST http://ilpp/UnityILPP.PostProcessing/ConfigurePostProcessors - application/grpc -
info: Microsoft.AspNetCore.Routing.EndpointMiddleware[0]
      Executing endpoint 'gRPC - /UnityILPP.PostProcessing/ConfigurePostProcessors'
warn: Unity.ILPP.Runner.PostProcessingAssemblyLoadContext[0]
      Assembly system.runtime.interopservices.windowsruntime has duplicate hint path. Ignoring "C:\Program Files\Unity\Hub\Editor\6000.5.9f1\Editor\Data\UnityReferenceAssemblies\unity-4.8-api\Facades\System.Runtime.InteropServices.WindowsRuntime.dll" in favor of "C:\Program Files\Unity\Hub\Editor\6000.5.9f1\Editor\Data\NetStandard\Extensions\2.0.0\System.Runtime.InteropServices.WindowsRuntime.dll"
warn: Unity.ILPP.Runner.PostProcessingAssemblyLoadContext[0]
      Assembly system.componentmodel.composition has duplicate hint path. Ignoring "C:\Program Files\Unity\Hub\Editor\6000.5.9f1\Editor\Data\UnityReferenceAssemblies\unity-4.8-api\System.ComponentModel.Composition.dll" in favor of "C:\Program Files\Unity\Hub\Editor\6000.5.9f1\Editor\Data\NetStandard\compat\2.1.0\shims\netfx\System.ComponentModel.Composition.dll"
info: Unity.ILPP.Runner.PostProcessingAssemblyLoadContext[0]
      Resolved Unity.Burst.Cecil, Version=0.11.6.0, Culture=neutral, PublicKeyToken=50cebf1cceb9d05e with Library\PackageCache\com.unity.burst@2f3d916873ea\Unity.Burst.CodeGen\Unity.Burst.Cecil.dll
info: Unity.ILPP.Runner.PostProcessingAssemblyLoadContext[0]
      Resolved Mono.Cecil, Version=0.11.5.0, Culture=neutral, PublicKeyToken=50cebf1cceb9d05e with Library\PackageCache\com.unity.nuget.mono-cecil@ecb9724e46ff\Mono.Cecil.dll
info: Microsoft.AspNetCore.Routing.EndpointMiddleware[1]
      Executed endpoint 'gRPC - /UnityILPP.PostProcessing/ConfigurePostProcessors'
info: Microsoft.AspNetCore.Hosting.Diagnostics[2]
      Request finished HTTP/2 POST http://ilpp/UnityILPP.PostProcessing/ConfigurePostProcessors - 200 - application/grpc 1833.7588ms
ExitCode: 0 Duration: 2s708ms
[414/946    0s] WriteResponseFile Library/Bee/artifacts/rsp/4747638433968585886.rsp
[744/946    2s] ILPP-Configuration Library/ilpp-configuration.nevergeneratedoutput
*** Tundra build success (2.49 seconds), 2 items updated, 946 evaluated
AssetDatabase: script compilation time: 5.849456s
Begin MonoManager ReloadAssembly
Refreshing native plugins compatible for Editor in 148.22 ms, found 4 plugins.
Native extension for WindowsStandalone target not found
Refreshing native plugins compatible for Editor in 4.03 ms, found 4 plugins.
[Licensing::Client] Successfully resolved entitlement details
ScheduleIndexationOnStartup MainProcess:True IndexOnStartup:True
Mono: successfully reloaded assembly
- Finished resetting the current domain, in 11.707 seconds
Domain Reload Profiling: 29239ms
	BeginReloadAssembly (557ms)
		DisableScriptedObjects (72ms)
		CreateAndSetChildDomain (183ms)
	RebuildCommonClasses (19ms)
	RebuildNativeTypeToScriptingClass (24ms)
	initialDomainReloadingComplete (97ms)
	LoadAllAssembliesAndSetupDomain (16833ms)
		LoadAssemblies (15960ms)
		AnalyzeDomain (701ms)
			TypeCache.Refresh (529ms)
				TypeCache.ScanAssembly (495ms)
			BuildScriptInfoCaches (141ms)
			ResolveRequiredComponents (23ms)
	FinalizeReload (11708ms)
		SetupLoadedEditorAssemblies (0ms)
			InitializePlatformSupportModulesInManaged (12ms)
			BeforeProcessingInitializeOnLoad (295ms)
			ProcessInitializeOnLoadAttributes (7536ms)
			ProcessInitializeOnLoadMethodAttributes (559ms)
			AfterProcessingInitializeOnLoad (7ms)
		AwakeInstancesAfterBackupRestoration (42ms)
Starting new worker id: 0 with log in C:/Users/abi/My project (3)/Logs/AssetImportWorkerHW0.log

Asset Pipeline Refresh (id=731bbca1e401e454095b6ca76c7f6139): Total: 79.017 seconds - Initiated by InitialRefreshV2(ForceSynchronousImport)
	(Values over 0.05ms)
	Summary:
		Imports: total=0 (actual=0, local cache=0, cache server=0)
		Asset DB Process Time: managed=0 ms, native=55149 ms
		Asset DB Callback time: managed=137 ms, native=142 ms
		Scripting: domain reloads=1, domain reload time=17624 ms, compile time=5857 ms, other=105 ms
		Project Asset Count: scripts=1416, non-scripts=3101
		Asset File Changes: new=0, changed=0, moved=0, deleted=0
		Scan Filter Count: 0
	InvokePackagesCallback: 149.848ms
	ApplyChangesToAssetFolders: 3.033ms
	Scan: 474.116ms
	Collect global state as custom dependencies: 74.408ms
	CategorizeScriptCompilationAssets: 9295.941ms
	ProcessAssetsWithTransientArtifactChanges: 230.745ms
	CategorizeAssets: 140.418ms
	CompileScripts: 5856.870ms
	ImportOutOfDateAssets: 12043.547ms (11922.890ms without children)
		ReloadNativeAssets: 0.137ms
		UnloadImportedAssets: 1.667ms
		EnsureUptoDateAssetsAreRegisteredWithGuidPM: 1.433ms
		ImportSchedulerStart: 117.414ms
	PostProcessAllAssets: 137.347ms
		MonoPostProcessAllAssets: 137.261ms
			SyncVS.PostprocessSyncProject 83.229ms
			UniversalRenderPipelineGlobalSettingsPostprocessor.OnPostprocessAllAssets 18.041ms
			SpeedTree9Postprocessor.OnPostprocessAllAssets 3.297ms
			WindowAssetPostprocessingWatcher.OnPostprocessAllAssets 2.726ms
			RenderPipelineGlobalSettingsPostprocessor.OnPostprocessAllAssets 2.155ms
			EditModeScopePostprocessor.OnPostprocessAllAssets 1.803ms
			ShaderReflectionAssetPostProcessor.OnPostprocessAllAssets 0.694ms
			InputActionAssetPostprocessor.OnPostprocessAllAssets 0.399ms
			ReferencedClipsPostProcessor.OnPostprocessAllAssets 0.377ms
			TerrainToolbarOverlayPostProcessor.OnPostprocessAllAssets 0.297ms
			ProjectSettingsPostprocessor.OnPostprocessAllAssets 0.270ms
			AssetDatabaseCallbacks.OnPostprocessAllAssets 0.249ms
	UnloadStreamsBegin: 16.237ms
	PersistCurrentRevisions: 0.250ms
	GenerateScriptTypeHashes: 5.592ms
	GenerateScriptTypeSerializationHashes: 10.162ms
	Untracked: 50576.033ms

Application.AssetDatabase Initial Refresh End
Launched and connected shader compiler UnityShaderCompiler.exe after 0.13 seconds
Scanning for USB devices : 2.793ms
Initializing Unity extensions:
[MODES] ModeService[none].Initialize
[MODES] ModeService[none].LoadModes
[MODES] Loading mode Default (0) for mode-current-id-My project (3)
Unloading 39 Unused Serialized files (Serialized files now loaded: 0)
Loaded scene 'Assets/Scenes/StartingScene.unity'
	Deserialize:            271.172 ms
	Integration:            1224.007 ms
	Integration of assets:  11.399 ms
	Thread Wait Time:       0.225 ms
	Total Operation Time:   1506.804 ms
[Licensing::Client] Successfully resolved entitlement details
Unloading 6694 unused Assets / (5.2 MB). Loaded Objects now: 8093.
Memory consumption went from 451.8 MB to 446.6 MB.
Total: 34.355500 ms (FindLiveObjects: 1.148100 ms CreateObjectMapping: 4.795600 ms MarkObjects: 17.253100 ms  DeleteObjects: 10.892200 ms)

[LAYOUT] About to load UserSettings\Layouts\default-6000.dwlt, keepMainWindow=False
Worker ready: AssetImportWorkerHW0 0
[LAYOUT] About to save layout C:\Users\abi\My project (3)\UserSettings\Layouts\default-6000.dwlt
[LAYOUT] About to save layout C:/Users/abi/AppData/Roaming/Unity/Editor-5.x/Preferences\Layouts\current\default-6000.dwlt
[MODES] ModeService[default].InitializeCurrentMode
[MODES] ModeService[default].RaiseModeChanged(default, default)
This project uses Input Manager, which is marked for deprecation. To manage input in your project, use the <a href="https://docs.unity3d.com/Packages/com.unity.inputsystem@latest">Input System package</a> instead.
<RI> Initializing input.
Using Windows.Gaming.Input
<RI> Input initialized.
[Project] Loading completed in 191.487 seconds
	Project init time: 				184.525 seconds
		Template init time: 		0.000 seconds
		Package Manager init time: 		16.534 seconds
		Asset Database init time: 		2.677 seconds
		Global illumination init time: 	0.063 seconds
		Assemblies load time: 			67.679 seconds
		Unity extensions init time: 	0.075 seconds
		Asset Database refresh time: 	79.019 seconds
	Scene opening time: 			4.509 seconds
##utp:{"type":"ProjectInfo","version":2,"phase":"Immediate","time":1789307451164,"processId":16332,"projectLoad":191.487019,"projectInit":184.5250533,"templateInit":0.0,"packageManagerInit":16.5339496,"assetDatabaseInit":2.6774442,"globalIlluminationInit":0.063166,"assembliesLoad":67.6791226,"unityExtensionsInit":0.0748987,"assetDatabaseRefresh":79.0187859,"sceneOpening":4.5085277}
##utp:{"type":"EditorInfo","version":2,"phase":"Immediate","time":1789307451165,"processId":16332,"editorVersion":"6000.5.9f1 (b57deb96f08d)","branch":"6000.5/staging","buildType":"Release","platform":"Windows"}
[Licensing::Client] Successfully resolved entitlement details
Created GICache directory at C:/Users/abi/AppData/LocalLow/Unity/Caches/GiCache. Took: 0.054s, timestamps: [194.809 - 194.863]
[Licensing::Client] Successfully resolved entitlement details
[Licensing::Client] Successfully resolved entitlement details
[Licensing::Client] Successfully updated the access token
[Licensing::Module] Successfully updated access token: "6q3gE26D"... (expires: 2026-09-13T15:37:08Z)
[Licensing::Client] Successfully resolved entitlement details
UPID Received 'c2bfd9d5-9fd1-436c-91a3-a99e0fa40b6a'.
[Licensing::Client] Successfully resolved entitlement details
TrimDiskCacheJob: Current cache size 1mb
Asset Pipeline Refresh (id=32aefbca705553042b6f65bf848f6bff): Total: 0.287 seconds - Initiated by RefreshV2(AllowForceSynchronousImport)
Start Indexing on Editor startup
[Indexing] Starting Initial Indexing for Assets
Reloading assemblies for play mode.
Reloading assemblies after forced synchronous recompile.
Begin MonoManager ReloadAssembly
Refreshing native plugins compatible for Editor in 2.50 ms, found 4 plugins.
Native extension for WindowsStandalone target not found
ScheduleIndexationOnStartup MainProcess:True IndexOnStartup:True
[MODES] ModeService[none].Initialize
[MODES] ModeService[none].LoadModes
Mono: successfully reloaded assembly
- Finished resetting the current domain, in  3.325 seconds
Domain Reload Profiling: 5236ms
	BeginReloadAssembly (1458ms)
		DisableScriptedObjects (412ms)
		CreateAndSetChildDomain (681ms)
	RebuildCommonClasses (12ms)
	RebuildNativeTypeToScriptingClass (19ms)
	initialDomainReloadingComplete (66ms)
	LoadAllAssembliesAndSetupDomain (355ms)
		LoadAssemblies (216ms)
		AnalyzeDomain (81ms)
			TypeCache.Refresh (8ms)
			ResolveRequiredComponents (68ms)
	FinalizeReload (3326ms)
		SetupLoadedEditorAssemblies (0ms)
			InitializePlatformSupportModulesInManaged (3ms)
			BeforeProcessingInitializeOnLoad (175ms)
			ProcessInitializeOnLoadAttributes (792ms)
			ProcessInitializeOnLoadMethodAttributes (255ms)
			AfterProcessingInitializeOnLoad (7ms)
		AwakeInstancesAfterBackupRestoration (1130ms)
No restricted APIs configured; Validation skipped.
Checking 25 assemblies for restricted APIs found 0 usage(s) in 10 ms
[Licensing::Client] Successfully resolved entitlement details

Asset Pipeline Refresh (id=ffe468d1cad93dc45a3d35ac2e1342a6): Total: 8.174 seconds - Initiated by StopAssetImportingV2(ForceSynchronousImport | ForceDomainReload)
	(Values over 0.05ms)
	Summary:
		Imports: total=0 (actual=0, local cache=0, cache server=0)
		Asset DB Process Time: managed=0 ms, native=3989 ms
		Asset DB Callback time: managed=1368 ms, native=725 ms
		Scripting: domain reloads=1, domain reload time=2086 ms, compile time=3 ms, other=0 ms
		Project Asset Count: scripts=1416, non-scripts=3101
		Asset File Changes: new=0, changed=0, moved=0, deleted=0
		Scan Filter Count: 0
	InvokePackagesCallback: 5.503ms
	ApplyChangesToAssetFolders: 0.698ms
	Collect global state as custom dependencies: 5.296ms
	ProcessAssetsWithTransientArtifactChanges: 336.989ms
	CategorizeAssets: 110.747ms
	CompileScripts: 3.207ms
	ImportOutOfDateAssets: 3406.830ms (3348.275ms without children)
		CollectScriptTypesHashes: 14.333ms
		ReloadNativeAssets: 2.003ms
		UnloadImportedAssets: 2.275ms
		EnsureUptoDateAssetsAreRegisteredWithGuidPM: 1.022ms
		ImportSchedulerStart: 53.226ms
	PostProcessAllAssets: 2077.413ms
		AssemblyValidation.PostprocessAllAssets 56.352ms
		PostprocessAssetsUpdateCachedIcon 26.016ms
		PostProcessCallbackCreateDeferredMaterials 23.953ms
		RaytracingShaderImportPostprocess 18.194ms
		SpeedTreeImporter.PostprocessAllAssets 16.076ms
		ComputeShaderImportPostprocess 10.799ms
		ShaderAssetModifiedCallback 10.265ms
		BlockShaderImporter.PostprocessAllAssets 10.252ms
		LocalizationDatabase.AssetDatabasePostprocessCallback 4.118ms
		XRBuildSystem.XRAssetImported 0.779ms
		MonoPostProcessAllAssets: 1365.038ms
			SyncVS.PostprocessSyncProject 412.169ms
			ShaderGraphAssetPostProcessor.OnPostprocessAllAssets 314.020ms
			AssetPostprocessor.OnPostprocessAllAssets 138.098ms
			PostProcessor.OnPostprocessAllAssets 82.660ms
			InputActionAssetPostprocessor.OnPostprocessAllAssets 66.834ms
			InputActionJsonNameModifierAssetProcessor.OnPostprocessAllAssets 57.783ms
			MaterialPostprocessor.OnPostprocessAllAssets 53.531ms
			UtilityWindowPostProcessor.OnPostprocessAllAssets 42.693ms
			TextAssetPostProcessor.OnPostprocessAllAssets 30.553ms
			AssetChangedListener.OnPostprocessAllAssets 26.224ms
			UniversalRenderPipelineGlobalSettingsPostprocessor.OnPostprocessAllAssets 19.535ms
			BuilderAssetPostprocessor.OnPostprocessAllAssets 9.572ms
			SpeedTree9Postprocessor.OnPostprocessAllAssets 7.979ms
			RenderPipelineGlobalSettingsPostprocessor.OnPostprocessAllAssets 7.767ms
			WindowAssetPostprocessingWatcher.OnPostprocessAllAssets 3.270ms
			RetainedModeAssetPostprocessor.OnPostprocessAllAssets 2.487ms
			ProjectSettingsPostprocessor.OnPostprocessAllAssets 2.040ms
			ArtifactBrowserPostProcessor.OnPostprocessAllAssets 1.203ms
			ShaderReflectionAssetPostProcessor.OnPostprocessAllAssets 0.790ms
			SamplePostprocessor.OnPostprocessAllAssets 0.635ms
			StyleCatalogPostProcessor.OnPostprocessAllAssets 0.611ms
			UVCSAssetPostprocessor.OnPostprocessAllAssets 0.597ms
			SpeedTreePostProcessor.OnPostprocessAllAssets 0.498ms
			AudioMixerPostprocessor.OnPostprocessAllAssets 0.393ms
			TMPro_TexturePostProcessor.OnPostprocessAllAssets 0.382ms
			SampleDependencyImporterPostProcessor.OnPostprocessAllAssets 0.369ms
			ReferencedClipsPostProcessor.OnPostprocessAllAssets 0.367ms
			AssetDatabaseCallbacks.OnPostprocessAllAssets 0.315ms
			ConfigAssetsTracker.OnPostprocessAllAssets 0.291ms
			AssetEvents.OnPostprocessAllAssets 0.268ms
			EditModeScopePostprocessor.OnPostprocessAllAssets 0.263ms
			TerrainToolbarOverlayPostProcessor.OnPostprocessAllAssets 0.238ms
			ScenarioDriftAssetsTracker.OnPostprocessAllAssets 0.227ms
			AssetReloadNotifier.OnPostprocessAllAssets 0.201ms
			AudioContainerPostProcessor.OnPostprocessAllAssets 0.118ms
	PostAssetChangesProfiler: 14.974ms
	GatherAllCurrentPrimaryImportResultRevisions: 0.768ms
	UnloadStreamsBegin: 6.885ms
	PersistCurrentRevisions: 0.197ms
	GenerateScriptTypeHashes: 13.337ms
	GenerateScriptTypeSerializationHashes: 22.063ms
	Untracked: 2168.034ms

The referenced script (Unknown) on this Behaviour is missing!
The referenced script (Unknown) on this Behaviour is missing!
The referenced script (Unknown) on this Behaviour is missing!
Loaded scene 'Temp/__Backupscenes/0.backup'
	Deserialize:            6.632 ms
	Integration:            1025.137 ms
	Integration of assets:  0.017 ms
	Thread Wait Time:       0.009 ms
	Total Operation Time:   1031.795 ms
[Licensing::Client] Successfully resolved entitlement details
[Licensing::Client] Successfully resolved entitlement details
Unloading 5 Unused Serialized files (Serialized files now loaded: 0)
Loaded scene 'Temp/__Backupscenes/0.backup'
	Deserialize:            5.265 ms
	Integration:            367.299 ms
	Integration of assets:  0.007 ms
	Thread Wait Time:       0.055 ms
	Total Operation Time:   372.627 ms
Unloading 6002 unused Assets / (1.9 MB). Loaded Objects now: 8976.
Memory consumption went from 0.63 GB to 0.63 GB.
Total: 72.865100 ms (FindLiveObjects: 2.045600 ms CreateObjectMapping: 6.712800 ms MarkObjects: 58.012700 ms  DeleteObjects: 6.090000 ms)

[Licensing::Client] Successfully resolved entitlement details
Asset Pipeline Refresh (id=6c838ec93b870b743974f35cfd6aa73a): Total: 0.042 seconds - Initiated by RefreshV2(AllowForceSynchronousImport)
Launched and connected shader compiler UnityShaderCompiler.exe after 0.02 seconds
Asset Pipeline Refresh (id=b1212832e81a2504abef38907c0fc277): Total: 0.034 seconds - Initiated by RefreshV2(AllowForceSynchronousImport)
Asset Pipeline Refresh (id=e2787a6d28abfc345bf889fc07f3e949): Total: 0.011 seconds - Initiated by RefreshV2(AllowForceSynchronousImport)
Reloading assemblies for play mode.
Reloading assemblies after forced synchronous recompile.
[Licensing::Client] Successfully resolved entitlement details
Begin MonoManager ReloadAssembly
Refreshing native plugins compatible for Editor in 4.22 ms, found 4 plugins.
Native extension for WindowsStandalone target not found
ScheduleIndexationOnStartup MainProcess:True IndexOnStartup:True
[MODES] ModeService[none].Initialize
[MODES] ModeService[none].LoadModes
Mono: successfully reloaded assembly
- Finished resetting the current domain, in  2.945 seconds
Domain Reload Profiling: 4769ms
	BeginReloadAssembly (1455ms)
		DisableScriptedObjects (195ms)
		CreateAndSetChildDomain (737ms)
	RebuildCommonClasses (15ms)
	RebuildNativeTypeToScriptingClass (20ms)
	initialDomainReloadingComplete (89ms)
	LoadAllAssembliesAndSetupDomain (243ms)
		LoadAssemblies (376ms)
		AnalyzeDomain (51ms)
			TypeCache.Refresh (12ms)
			ResolveRequiredComponents (32ms)
	FinalizeReload (2947ms)
		SetupLoadedEditorAssemblies (0ms)
			BeforeProcessingInitializeOnLoad (129ms)
			ProcessInitializeOnLoadAttributes (671ms)
			ProcessInitializeOnLoadMethodAttributes (228ms)
			AfterProcessingInitializeOnLoad (6ms)
		AwakeInstancesAfterBackupRestoration (969ms)

Asset Pipeline Refresh (id=28b3be1dfe27330479066aaa74b80005): Total: 5.124 seconds - Initiated by StopAssetImportingV2(ForceSynchronousImport | ForceDomainReload)
	(Values over 0.05ms)
	Summary:
		Imports: total=0 (actual=0, local cache=0, cache server=0)
		Asset DB Process Time: managed=0 ms, native=3176 ms
		Asset DB Callback time: managed=47 ms, native=0 ms
		Scripting: domain reloads=1, domain reload time=1896 ms, compile time=3 ms, other=0 ms
		Project Asset Count: scripts=1416, non-scripts=3101
		Asset File Changes: new=0, changed=0, moved=0, deleted=0
		Scan Filter Count: 0
	InvokePackagesCallback: 3.180ms
	ApplyChangesToAssetFolders: 0.526ms
	Collect global state as custom dependencies: 7.870ms
	ProcessAssetsWithTransientArtifactChanges: 0.287ms
	CategorizeAssets: 74.908ms
	CompileScripts: 2.677ms
	ImportOutOfDateAssets: 3019.667ms (2970.716ms without children)
		CollectScriptTypesHashes: 1.097ms
		ReloadNativeAssets: 1.681ms
		UnloadImportedAssets: 0.493ms
		EnsureUptoDateAssetsAreRegisteredWithGuidPM: 1.286ms
		ImportSchedulerStart: 45.463ms
	PostProcessAllAssets: 47.391ms
		MonoPostProcessAllAssets: 47.385ms
			ShaderGraphAssetPostProcessor.OnPostprocessAllAssets 314.020ms
			AssetPostprocessor.OnPostprocessAllAssets 138.098ms
			PostProcessor.OnPostprocessAllAssets 82.660ms
			InputActionJsonNameModifierAssetProcessor.OnPostprocessAllAssets 57.783ms
			MaterialPostprocessor.OnPostprocessAllAssets 53.531ms
			UtilityWindowPostProcessor.OnPostprocessAllAssets 42.693ms
			TextAssetPostProcessor.OnPostprocessAllAssets 30.553ms
			AssetChangedListener.OnPostprocessAllAssets 26.224ms
			UniversalRenderPipelineGlobalSettingsPostprocessor.OnPostprocessAllAssets 13.726ms
			SyncVS.PostprocessSyncProject 12.644ms
			BuilderAssetPostprocessor.OnPostprocessAllAssets 9.572ms
			SpeedTree9Postprocessor.OnPostprocessAllAssets 2.843ms
			RetainedModeAssetPostprocessor.OnPostprocessAllAssets 2.487ms
			WindowAssetPostprocessingWatcher.OnPostprocessAllAssets 2.357ms
			ArtifactBrowserPostProcessor.OnPostprocessAllAssets 1.203ms
			RenderPipelineGlobalSettingsPostprocessor.OnPostprocessAllAssets 0.955ms
			ProjectSettingsPostprocessor.OnPostprocessAllAssets 0.896ms
			ShaderReflectionAssetPostProcessor.OnPostprocessAllAssets 0.682ms
			SamplePostprocessor.OnPostprocessAllAssets 0.635ms
			StyleCatalogPostProcessor.OnPostprocessAllAssets 0.611ms
			UVCSAssetPostprocessor.OnPostprocessAllAssets 0.597ms
			SpeedTreePostProcessor.OnPostprocessAllAssets 0.498ms
			ReferencedClipsPostProcessor.OnPostprocessAllAssets 0.404ms
			AudioMixerPostprocessor.OnPostprocessAllAssets 0.393ms
			EditModeScopePostprocessor.OnPostprocessAllAssets 0.390ms
			TMPro_TexturePostProcessor.OnPostprocessAllAssets 0.382ms
			SampleDependencyImporterPostProcessor.OnPostprocessAllAssets 0.369ms
			InputActionAssetPostprocessor.OnPostprocessAllAssets 0.359ms
			ConfigAssetsTracker.OnPostprocessAllAssets 0.291ms
			AssetEvents.OnPostprocessAllAssets 0.268ms
			ScenarioDriftAssetsTracker.OnPostprocessAllAssets 0.227ms
			AssetReloadNotifier.OnPostprocessAllAssets 0.201ms
			TerrainToolbarOverlayPostProcessor.OnPostprocessAllAssets 0.194ms
			AssetDatabaseCallbacks.OnPostprocessAllAssets 0.184ms
			AudioContainerPostProcessor.OnPostprocessAllAssets 0.118ms
	GatherAllCurrentPrimaryImportResultRevisions: 0.346ms
	UnloadStreamsBegin: 2.002ms
	PersistCurrentRevisions: 0.189ms
	GenerateScriptTypeHashes: 4.428ms
	GenerateScriptTypeSerializationHashes: 7.435ms
	Untracked: 1958.273ms

The referenced script (Unknown) on this Behaviour is missing!
The referenced script (Unknown) on this Behaviour is missing!
The referenced script (Unknown) on this Behaviour is missing!
Loaded scene 'Temp/__Backupscenes/0.backup'
	Deserialize:            6.732 ms
	Integration:            819.195 ms
	Integration of assets:  0.007 ms
	Thread Wait Time:       0.030 ms
	Total Operation Time:   825.964 ms
[Licensing::Client] Successfully resolved entitlement details
[Licensing::Client] Successfully resolved entitlement details
<color=#0099bc><b>DOTWEEN ► </b></color>Max Tweens reached: capacity has automatically been increased from 200/50 to 200/125. Use DOTween.SetTweensCapacity to set it manually at startup
UnityEngine.Debug:ExtractStackTraceNoAlloc (byte*,int,string)
UnityEngine.StackTraceUtility:ExtractStackTrace ()
UnityEngine.DebugLogHandler:Internal_Log (UnityEngine.LogType,UnityEngine.LogOption,string,UnityEngine.Object)
UnityEngine.DebugLogHandler:LogFormat (UnityEngine.LogType,UnityEngine.Object,string,object[])
UnityEngine.Logger:Log (UnityEngine.LogType,object)
UnityEngine.Debug:LogWarning (object)
DG.Tweening.Core.Debugger:LogWarning (object,DG.Tweening.Tween) (at D:/DG/_Develop/__UNITY_ASSETS/_Demigiant/__DOTween/_DOTween.Assembly/DOTween/Core/Debugger.cs:40)
DG.Tweening.Core.TweenManager:GetSequence () (at D:/DG/_Develop/__UNITY_ASSETS/_Demigiant/__DOTween/_DOTween.Assembly/DOTween/Core/TweenManager.cs:138)
DG.Tweening.DOTween:Sequence () (at D:/DG/_Develop/__UNITY_ASSETS/_Demigiant/__DOTween/_DOTween.Assembly/DOTween/DOTween.cs:774)
UIManager:ShowGameOverUI (bool) (at Assets/Scripts/UIManager.cs:73)
GameManager:Update () (at Assets/Scripts/GameManager.cs:32)

(Filename: D:/DG/_Develop/__UNITY_ASSETS/_Demigiant/__DOTween/_DOTween.Assembly/DOTween/Core/Debugger.cs Line: 40)

The referenced script (Unknown) on this Behaviour is missing!
The referenced script (Unknown) on this Behaviour is missing!
The referenced script (Unknown) on this Behaviour is missing!
Unloading 0 Unused Serialized files (Serialized files now loaded: 0)
UnloadTime: 30.566400 ms
Loaded scene 'Temp/__Backupscenes/0.backup'
	Deserialize:            8.592 ms
	Integration:            526.350 ms
	Integration of assets:  0.004 ms
	Thread Wait Time:       9.641 ms
	Total Operation Time:   544.587 ms
Unloading 156 unused Assets / (17.6 MB). Loaded Objects now: 9154.
Memory consumption went from 0.67 GB to 0.65 GB.
Total: 74.889300 ms (FindLiveObjects: 1.159100 ms CreateObjectMapping: 2.679900 ms MarkObjects: 55.629000 ms  DeleteObjects: 15.417700 ms)

<color=#0099bc><b>DOTWEEN ► </b></color>Target or field is missing/null (Void TryThrowEditorNullExceptionObject(UnityEngine.Object, System.String)) ► The object of type 'UnityEngine.RectTransform' has been destroyed but you are still trying to access it.
Your script should either check if it is null or you should not destroy the object.

  at UnityEngine.Object+MarshalledUnityObject.TryThrowEditorNullExceptionObject (UnityEngine.Object unityObj, System.String parameterName) [0x00065] in <2f52b751ded44e96b74c2c8a24c6c65b>:0 
  at UnityEngine.Bindings.ThrowHelper.ThrowNullReferenceException (System.Object obj) [0x0000a] in <2f52b751ded44e96b74c2c8a24c6c65b>:0 
  at UnityEngine.Transform.set_localScale (UnityEngine.Vector3 value) [0x00006] in <2f52b751ded44e96b74c2c8a24c6c65b>:0 
  at DG.Tweening.ShortcutExtensions+<>c__DisplayClass44_0.<DOScale>b__1 (UnityEngine.Vector3 x) [0x00000] in D:\DG\_Develop\__UNITY_ASSETS\_Demigiant\__DOTween\_DOTween.Assembly\DOTween\ShortcutExtensions.cs:621 
  at DG.Tweening.Plugins.Vector3Plugin.EvaluateAndApply (DG.Tweening.Plugins.Options.VectorOptions options, DG.Tweening.Tween t, System.Boolean isRelative, DG.Tweening.Core.DOGetter`1[T] getter, DG.Tweening.Core.DOSetter`1[T] setter, System.Single elapsed, UnityEngine.Vector3 startValue, UnityEngine.Vector3 changeValue, System.Single duration, System.Boolean usingInversePosition, System.Int32 newCompletedSteps, DG.Tweening.Core.Enums.UpdateNotice updateNotice) [0x0022b] in D:\DG\_Develop\__UNITY_ASSETS\_Demigiant\__DOTween\_DOTween.Assembly\DOTween\Plugins\Vector3Plugin.cs:159 
  at DG.Tweening.Core.TweenerCore`3[T1,T2,TPlugOptions].ApplyTween (System.Single prevPosition, System.Int32 prevCompletedLoops, System.Int32 newCompletedSteps, System.Boolean useInversePosition, DG.Tweening.Core.Enums.UpdateMode updateMode, DG.Tweening.Core.Enums.UpdateNotice updateNotice) [0x00030] in D:\DG\_Develop\__UNITY_ASSETS\_Demigiant\__DOTween\_DOTween.Assembly\DOTween\Core\TweenerCore.cs:261 

UnityEngine.Debug:ExtractStackTraceNoAlloc (byte*,int,string)
UnityEngine.StackTraceUtility:ExtractStackTrace ()
UnityEngine.DebugLogHandler:Internal_Log (UnityEngine.LogType,UnityEngine.LogOption,string,UnityEngine.Object)
UnityEngine.DebugLogHandler:LogFormat (UnityEngine.LogType,UnityEngine.Object,string,object[])
UnityEngine.Logger:Log (UnityEngine.LogType,object)
UnityEngine.Debug:LogWarning (object)
DG.Tweening.Core.Debugger:LogSafeModeCapturedError (object,DG.Tweening.Tween) (at D:/DG/_Develop/__UNITY_ASSETS/_Demigiant/__DOTween/_DOTween.Assembly/DOTween/Core/Debugger.cs:61)
DG.Tweening.Core.TweenerCore`3<UnityEngine.Vector3, UnityEngine.Vector3, DG.Tweening.Plugins.Options.VectorOptions>:ApplyTween (single,int,int,bool,DG.Tweening.Core.Enums.UpdateMode,DG.Tweening.Core.Enums.UpdateNotice) (at D:/DG/_Develop/__UNITY_ASSETS/_Demigiant/__DOTween/_DOTween.Assembly/DOTween/Core/TweenerCore.cs:265)
DG.Tweening.Tween:DoGoto (DG.Tweening.Tween,single,int,DG.Tweening.Core.Enums.UpdateMode) (at D:/DG/_Develop/__UNITY_ASSETS/_Demigiant/__DOTween/_DOTween.Assembly/DOTween/Tween.cs:266)
DG.Tweening.Core.TweenManager:Goto (DG.Tweening.Tween,single,bool,DG.Tweening.Core.Enums.UpdateMode) (at D:/DG/_Develop/__UNITY_ASSETS/_Demigiant/__DOTween/_DOTween.Assembly/DOTween/Core/TweenManager.cs:803)
DG.Tweening.Sequence:ApplyInternalCycle (DG.Tweening.Sequence,single,single,DG.Tweening.Core.Enums.UpdateMode,bool,bool,bool) (at D:/DG/_Develop/__UNITY_ASSETS/_Demigiant/__DOTween/_DOTween.Assembly/DOTween/Sequence.cs:369)
DG.Tweening.Sequence:DoApplyTween (DG.Tweening.Sequence,single,int,int,bool,DG.Tweening.Core.Enums.UpdateMode) (at D:/DG/_Develop/__UNITY_ASSETS/_Demigiant/__DOTween/_DOTween.Assembly/DOTween/Sequence.cs:252)
DG.Tweening.Sequence:ApplyTween (single,int,int,bool,DG.Tweening.Core.Enums.UpdateMode,DG.Tweening.Core.Enums.UpdateNotice) (at D:/DG/_Develop/__UNITY_ASSETS/_Demigiant/__DOTween/_DOTween.Assembly/DOTween/Sequence.cs:166)
DG.Tweening.Tween:DoGoto (DG.Tweening.Tween,single,int,DG.Tweening.Core.Enums.UpdateMode) (at D:/DG/_Develop/__UNITY_ASSETS/_Demigiant/__DOTween/_DOTween.Assembly/DOTween/Tween.cs:266)
DG.Tweening.Core.TweenManager:Update (DG.Tweening.Tween,single,single,bool) (at D:/DG/_Develop/__UNITY_ASSETS/_Demigiant/__DOTween/_DOTween.Assembly/DOTween/Core/TweenManager.cs:596)
DG.Tweening.Core.TweenManager:Update (DG.Tweening.UpdateType,single,single) (at D:/DG/_Develop/__UNITY_ASSETS/_Demigiant/__DOTween/_DOTween.Assembly/DOTween/Core/TweenManager.cs:444)
DG.Tweening.Core.DOTweenComponent:Update () (at D:/DG/_Develop/__UNITY_ASSETS/_Demigiant/__DOTween/_DOTween.Assembly/DOTween/Core/DOTweenComponent.cs:75)

(Filename: D:/DG/_Develop/__UNITY_ASSETS/_Demigiant/__DOTween/_DOTween.Assembly/DOTween/Core/Debugger.cs Line: 61)

<color=#0099bc><b>DOTWEEN ► </b></color>Target or field is missing/null (Void TryThrowEditorNullExceptionObject(UnityEngine.Object, System.String)) ► The object of type 'UnityEngine.RectTransform' has been destroyed but you are still trying to access it.
Your script should either check if it is null or you should not destroy the object.

  at UnityEngine.Object+MarshalledUnityObject.TryThrowEditorNullExceptionObject (UnityEngine.Object unityObj, System.String parameterName) [0x00065] in <2f52b751ded44e96b74c2c8a24c6c65b>:0 
  at UnityEngine.Bindings.ThrowHelper.ThrowNullReferenceException (System.Object obj) [0x0000a] in <2f52b751ded44e96b74c2c8a24c6c65b>:0 
  at UnityEngine.Transform.set_localScale (UnityEngine.Vector3 value) [0x00006] in <2f52b751ded44e96b74c2c8a24c6c65b>:0 
  at DG.Tweening.ShortcutExtensions+<>c__DisplayClass44_0.<DOScale>b__1 (UnityEngine.Vector3 x) [0x00000] in D:\DG\_Develop\__UNITY_ASSETS\_Demigiant\__DOTween\_DOTween.Assembly\DOTween\ShortcutExtensions.cs:621 
  at DG.Tweening.Plugins.Vector3Plugin.EvaluateAndApply (DG.Tweening.Plugins.Options.VectorOptions options, DG.Tweening.Tween t, System.Boolean isRelative, DG.Tweening.Core.DOGetter`1[T] getter, DG.Tweening.Core.DOSetter`1[T] setter, System.Single elapsed, UnityEngine.Vector3 startValue, UnityEngine.Vector3 changeValue, System.Single duration, System.Boolean usingInversePosition, System.Int32 newCompletedSteps, DG.Tweening.Core.Enums.UpdateNotice updateNotice) [0x0022b] in D:\DG\_Develop\__UNITY_ASSETS\_Demigiant\__DOTween\_DOTween.Assembly\DOTween\Plugins\Vector3Plugin.cs:159 
  at DG.Tweening.Core.TweenerCore`3[T1,T2,TPlugOptions].ApplyTween (System.Single prevPosition, System.Int32 prevCompletedLoops, System.Int32 newCompletedSteps, System.Boolean useInversePosition, DG.Tweening.Core.Enums.UpdateMode updateMode, DG.Tweening.Core.Enums.UpdateNotice updateNotice) [0x00030] in D:\DG\_Develop\__UNITY_ASSETS\_Demigiant\__DOTween\_DOTween.Assembly\DOTween\Core\TweenerCore.cs:261 

UnityEngine.Debug:ExtractStackTraceNoAlloc (byte*,int,string)
UnityEngine.StackTraceUtility:ExtractStackTrace ()
UnityEngine.DebugLogHandler:Internal_Log (UnityEngine.LogType,UnityEngine.LogOption,string,UnityEngine.Object)
UnityEngine.DebugLogHandler:LogFormat (UnityEngine.LogType,UnityEngine.Object,string,object[])
UnityEngine.Logger:Log (UnityEngine.LogType,object)
UnityEngine.Debug:LogWarning (object)
DG.Tweening.Core.Debugger:LogSafeModeCapturedError (object,DG.Tweening.Tween) (at D:/DG/_Develop/__UNITY_ASSETS/_Demigiant/__DOTween/_DOTween.Assembly/DOTween/Core/Debugger.cs:61)
DG.Tweening.Core.TweenerCore`3<UnityEngine.Vector3, UnityEngine.Vector3, DG.Tweening.Plugins.Options.VectorOptions>:ApplyTween (single,int,int,bool,DG.Tweening.Core.Enums.UpdateMode,DG.Tweening.Core.Enums.UpdateNotice) (at D:/DG/_Develop/__UNITY_ASSETS/_Demigiant/__DOTween/_DOTween.Assembly/DOTween/Core/TweenerCore.cs:265)
DG.Tweening.Tween:DoGoto (DG.Tweening.Tween,single,int,DG.Tweening.Core.Enums.UpdateMode) (at D:/DG/_Develop/__UNITY_ASSETS/_Demigiant/__DOTween/_DOTween.Assembly/DOTween/Tween.cs:266)
DG.Tweening.Core.TweenManager:Goto (DG.Tweening.Tween,single,bool,DG.Tweening.Core.Enums.UpdateMode) (at D:/DG/_Develop/__UNITY_ASSETS/_Demigiant/__DOTween/_DOTween.Assembly/DOTween/Core/TweenManager.cs:803)
DG.Tweening.Sequence:ApplyInternalCycle (DG.Tweening.Sequence,single,single,DG.Tweening.Core.Enums.UpdateMode,bool,bool,bool) (at D:/DG/_Develop/__UNITY_ASSETS/_Demigiant/__DOTween/_DOTween.Assembly/DOTween/Sequence.cs:369)
DG.Tweening.Sequence:DoApplyTween (DG.Tweening.Sequence,single,int,int,bool,DG.Tweening.Core.Enums.UpdateMode) (at D:/DG/_Develop/__UNITY_ASSETS/_Demigiant/__DOTween/_DOTween.Assembly/DOTween/Sequence.cs:252)
DG.Tweening.Sequence:ApplyTween (single,int,int,bool,DG.Tweening.Core.Enums.UpdateMode,DG.Tweening.Core.Enums.UpdateNotice) (at D:/DG/_Develop/__UNITY_ASSETS/_Demigiant/__DOTween/_DOTween.Assembly/DOTween/Sequence.cs:166)
DG.Tweening.Tween:DoGoto (DG.Tweening.Tween,single,int,DG.Tweening.Core.Enums.UpdateMode) (at D:/DG/_Develop/__UNITY_ASSETS/_Demigiant/__DOTween/_DOTween.Assembly/DOTween/Tween.cs:266)
DG.Tweening.Core.TweenManager:Update (DG.Tweening.Tween,single,single,bool) (at D:/DG/_Develop/__UNITY_ASSETS/_Demigiant/__DOTween/_DOTween.Assembly/DOTween/Core/TweenManager.cs:596)
DG.Tweening.Core.TweenManager:Update (DG.Tweening.UpdateType,single,single) (at D:/DG/_Develop/__UNITY_ASSETS/_Demigiant/__DOTween/_DOTween.Assembly/DOTween/Core/TweenManager.cs:444)
DG.Tweening.Core.DOTweenComponent:Update () (at D:/DG/_Develop/__UNITY_ASSETS/_Demigiant/__DOTween/_DOTween.Assembly/DOTween/Core/DOTweenComponent.cs:75)

(Filename: D:/DG/_Develop/__UNITY_ASSETS/_Demigiant/__DOTween/_DOTween.Assembly/DOTween/Core/Debugger.cs Line: 61)

<color=#0099bc><b>DOTWEEN ► </b></color>Target or field is missing/null (Void TryThrowEditorNullExceptionObject(UnityEngine.Object, System.String)) ► The object of type 'UnityEngine.RectTransform' has been destroyed but you are still trying to access it.
Your script should either check if it is null or you should not destroy the object.

  at UnityEngine.Object+MarshalledUnityObject.TryThrowEditorNullExceptionObject (UnityEngine.Object unityObj, System.String parameterName) [0x00065] in <2f52b751ded44e96b74c2c8a24c6c65b>:0 
  at UnityEngine.Bindings.ThrowHelper.ThrowNullReferenceException (System.Object obj) [0x0000a] in <2f52b751ded44e96b74c2c8a24c6c65b>:0 
  at UnityEngine.Transform.set_localScale (UnityEngine.Vector3 value) [0x00006] in <2f52b751ded44e96b74c2c8a24c6c65b>:0 
  at DG.Tweening.ShortcutExtensions+<>c__DisplayClass44_0.<DOScale>b__1 (UnityEngine.Vector3 x) [0x00000] in D:\DG\_Develop\__UNITY_ASSETS\_Demigiant\__DOTween\_DOTween.Assembly\DOTween\ShortcutExtensions.cs:621 
  at DG.Tweening.Plugins.Vector3Plugin.EvaluateAndApply (DG.Tweening.Plugins.Options.VectorOptions options, DG.Tweening.Tween t, System.Boolean isRelative, DG.Tweening.Core.DOGetter`1[T] getter, DG.Tweening.Core.DOSetter`1[T] setter, System.Single elapsed, UnityEngine.Vector3 startValue, UnityEngine.Vector3 changeValue, System.Single duration, System.Boolean usingInversePosition, System.Int32 newCompletedSteps, DG.Tweening.Core.Enums.UpdateNotice updateNotice) [0x0022b] in D:\DG\_Develop\__UNITY_ASSETS\_Demigiant\__DOTween\_DOTween.Assembly\DOTween\Plugins\Vector3Plugin.cs:159 
  at DG.Tweening.Core.TweenerCore`3[T1,T2,TPlugOptions].ApplyTween (System.Single prevPosition, System.Int32 prevCompletedLoops, System.Int32 newCompletedSteps, System.Boolean useInversePosition, DG.Tweening.Core.Enums.UpdateMode updateMode, DG.Tweening.Core.Enums.UpdateNotice updateNotice) [0x00030] in D:\DG\_Develop\__UNITY_ASSETS\_Demigiant\__DOTween\_DOTween.Assembly\DOTween\Core\TweenerCore.cs:261 

UnityEngine.Debug:ExtractStackTraceNoAlloc (byte*,int,string)
UnityEngine.StackTraceUtility:ExtractStackTrace ()
UnityEngine.DebugLogHandler:Internal_Log (UnityEngine.LogType,UnityEngine.LogOption,string,UnityEngine.Object)
UnityEngine.DebugLogHandler:LogFormat (UnityEngine.LogType,UnityEngine.Object,string,object[])
UnityEngine.Logger:Log (UnityEngine.LogType,object)
UnityEngine.Debug:LogWarning (object)
DG.Tweening.Core.Debugger:LogSafeModeCapturedError (object,DG.Tweening.Tween) (at D:/DG/_Develop/__UNITY_ASSETS/_Demigiant/__DOTween/_DOTween.Assembly/DOTween/Core/Debugger.cs:61)
DG.Tweening.Core.TweenerCore`3<UnityEngine.Vector3, UnityEngine.Vector3, DG.Tweening.Plugins.Options.VectorOptions>:ApplyTween (single,int,int,bool,DG.Tweening.Core.Enums.UpdateMode,DG.Tweening.Core.Enums.UpdateNotice) (at D:/DG/_Develop/__UNITY_ASSETS/_Demigiant/__DOTween/_DOTween.Assembly/DOTween/Core/TweenerCore.cs:265)
DG.Tweening.Tween:DoGoto (DG.Tweening.Tween,single,int,DG.Tweening.Core.Enums.UpdateMode) (at D:/DG/_Develop/__UNITY_ASSETS/_Demigiant/__DOTween/_DOTween.Assembly/DOTween/Tween.cs:266)
DG.Tweening.Core.TweenManager:Goto (DG.Tweening.Tween,single,bool,DG.Tweening.Core.Enums.UpdateMode) (at D:/DG/_Develop/__UNITY_ASSETS/_Demigiant/__DOTween/_DOTween.Assembly/DOTween/Core/TweenManager.cs:803)
DG.Tweening.Sequence:ApplyInternalCycle (DG.Tweening.Sequence,single,single,DG.Tweening.Core.Enums.UpdateMode,bool,bool,bool) (at D:/DG/_Develop/__UNITY_ASSETS/_Demigiant/__DOTween/_DOTween.Assembly/DOTween/Sequence.cs:369)
DG.Tweening.Sequence:DoApplyTween (DG.Tweening.Sequence,single,int,int,bool,DG.Tweening.Core.Enums.UpdateMode) (at D:/DG/_Develop/__UNITY_ASSETS/_Demigiant/__DOTween/_DOTween.Assembly/DOTween/Sequence.cs:252)
DG.Tweening.Sequence:ApplyTween (single,int,int,bool,DG.Tweening.Core.Enums.UpdateMode,DG.Tweening.Core.Enums.UpdateNotice) (at D:/DG/_Develop/__UNITY_ASSETS/_Demigiant/__DOTween/_DOTween.Assembly/DOTween/Sequence.cs:166)
DG.Tweening.Tween:DoGoto (DG.Tweening.Tween,single,int,DG.Tweening.Core.Enums.UpdateMode) (at D:/DG/_Develop/__UNITY_ASSETS/_Demigiant/__DOTween/_DOTween.Assembly/DOTween/Tween.cs:266)
DG.Tweening.Core.TweenManager:Update (DG.Tweening.Tween,single,single,bool) (at D:/DG/_Develop/__UNITY_ASSETS/_Demigiant/__DOTween/_DOTween.Assembly/DOTween/Core/TweenManager.cs:596)
DG.Tweening.Core.TweenManager:Update (DG.Tweening.UpdateType,single,single) (at D:/DG/_Develop/__UNITY_ASSETS/_Demigiant/__DOTween/_DOTween.Assembly/DOTween/Core/TweenManager.cs:444)
DG.Tweening.Core.DOTweenComponent:Update () (at D:/DG/_Develop/__UNITY_ASSETS/_Demigiant/__DOTween/_DOTween.Assembly/DOTween/Core/DOTweenComponent.cs:75)

(Filename: D:/DG/_Develop/__UNITY_ASSETS/_Demigiant/__DOTween/_DOTween.Assembly/DOTween/Core/Debugger.cs Line: 61)

<color=#0099bc><b>DOTWEEN ► </b></color>Target or field is missing/null (Void TryThrowEditorNullExceptionObject(UnityEngine.Object, System.String)) ► The object of type 'UnityEngine.RectTransform' has been destroyed but you are still trying to access it.
Your script should either check if it is null or you should not destroy the object.

  at UnityEngine.Object+MarshalledUnityObject.TryThrowEditorNullExceptionObject (UnityEngine.Object unityObj, System.String parameterName) [0x00065] in <2f52b751ded44e96b74c2c8a24c6c65b>:0 
  at UnityEngine.Bindings.ThrowHelper.ThrowNullReferenceException (System.Object obj) [0x0000a] in <2f52b751ded44e96b74c2c8a24c6c65b>:0 
  at UnityEngine.Transform.set_localScale (UnityEngine.Vector3 value) [0x00006] in <2f52b751ded44e96b74c2c8a24c6c65b>:0 
  at DG.Tweening.ShortcutExtensions+<>c__DisplayClass44_0.<DOScale>b__1 (UnityEngine.Vector3 x) [0x00000] in D:\DG\_Develop\__UNITY_ASSETS\_Demigiant\__DOTween\_DOTween.Assembly\DOTween\ShortcutExtensions.cs:621 
  at DG.Tweening.Plugins.Vector3Plugin.EvaluateAndApply (DG.Tweening.Plugins.Options.VectorOptions options, DG.Tweening.Tween t, System.Boolean isRelative, DG.Tweening.Core.DOGetter`1[T] getter, DG.Tweening.Core.DOSetter`1[T] setter, System.Single elapsed, UnityEngine.Vector3 startValue, UnityEngine.Vector3 changeValue, System.Single duration, System.Boolean usingInversePosition, System.Int32 newCompletedSteps, DG.Tweening.Core.Enums.UpdateNotice updateNotice) [0x0022b] in D:\DG\_Develop\__UNITY_ASSETS\_Demigiant\__DOTween\_DOTween.Assembly\DOTween\Plugins\Vector3Plugin.cs:159 
  at DG.Tweening.Core.TweenerCore`3[T1,T2,TPlugOptions].ApplyTween (System.Single prevPosition, System.Int32 prevCompletedLoops, System.Int32 newCompletedSteps, System.Boolean useInversePosition, DG.Tweening.Core.Enums.UpdateMode updateMode, DG.Tweening.Core.Enums.UpdateNotice updateNotice) [0x00030] in D:\DG\_Develop\__UNITY_ASSETS\_Demigiant\__DOTween\_DOTween.Assembly\DOTween\Core\TweenerCore.cs:261 

UnityEngine.Debug:ExtractStackTraceNoAlloc (byte*,int,string)
UnityEngine.StackTraceUtility:ExtractStackTrace ()
UnityEngine.DebugLogHandler:Internal_Log (UnityEngine.LogType,UnityEngine.LogOption,string,UnityEngine.Object)
UnityEngine.DebugLogHandler:LogFormat (UnityEngine.LogType,UnityEngine.Object,string,object[])
UnityEngine.Logger:Log (UnityEngine.LogType,object)
UnityEngine.Debug:LogWarning (object)
DG.Tweening.Core.Debugger:LogSafeModeCapturedError (object,DG.Tweening.Tween) (at D:/DG/_Develop/__UNITY_ASSETS/_Demigiant/__DOTween/_DOTween.Assembly/DOTween/Core/Debugger.cs:61)
DG.Tweening.Core.TweenerCore`3<UnityEngine.Vector3, UnityEngine.Vector3, DG.Tweening.Plugins.Options.VectorOptions>:ApplyTween (single,int,int,bool,DG.Tweening.Core.Enums.UpdateMode,DG.Tweening.Core.Enums.UpdateNotice) (at D:/DG/_Develop/__UNITY_ASSETS/_Demigiant/__DOTween/_DOTween.Assembly/DOTween/Core/TweenerCore.cs:265)
DG.Tweening.Tween:DoGoto (DG.Tweening.Tween,single,int,DG.Tweening.Core.Enums.UpdateMode) (at D:/DG/_Develop/__UNITY_ASSETS/_Demigiant/__DOTween/_DOTween.Assembly/DOTween/Tween.cs:266)
DG.Tweening.Core.TweenManager:Goto (DG.Tweening.Tween,single,bool,DG.Tweening.Core.Enums.UpdateMode) (at D:/DG/_Develop/__UNITY_ASSETS/_Demigiant/__DOTween/_DOTween.Assembly/DOTween/Core/TweenManager.cs:803)
DG.Tweening.Sequence:ApplyInternalCycle (DG.Tweening.Sequence,single,single,DG.Tweening.Core.Enums.UpdateMode,bool,bool,bool) (at D:/DG/_Develop/__UNITY_ASSETS/_Demigiant/__DOTween/_DOTween.Assembly/DOTween/Sequence.cs:369)
DG.Tweening.Sequence:DoApplyTween (DG.Tweening.Sequence,single,int,int,bool,DG.Tweening.Core.Enums.UpdateMode) (at D:/DG/_Develop/__UNITY_ASSETS/_Demigiant/__DOTween/_DOTween.Assembly/DOTween/Sequence.cs:252)
DG.Tweening.Sequence:ApplyTween (single,int,int,bool,DG.Tweening.Core.Enums.UpdateMode,DG.Tweening.Core.Enums.UpdateNotice) (at D:/DG/_Develop/__UNITY_ASSETS/_Demigiant/__DOTween/_DOTween.Assembly/DOTween/Sequence.cs:166)
DG.Tweening.Tween:DoGoto (DG.Tweening.Tween,single,int,DG.Tweening.Core.Enums.UpdateMode) (at D:/DG/_Develop/__UNITY_ASSETS/_Demigiant/__DOTween/_DOTween.Assembly/DOTween/Tween.cs:266)
DG.Tweening.Core.TweenManager:Update (DG.Tweening.Tween,single,single,bool) (at D:/DG/_Develop/__UNITY_ASSETS/_Demigiant/__DOTween/_DOTween.Assembly/DOTween/Core/TweenManager.cs:596)
DG.Tweening.Core.TweenManager:Update (DG.Tweening.UpdateType,single,single) (at D:/DG/_Develop/__UNITY_ASSETS/_Demigiant/__DOTween/_DOTween.Assembly/DOTween/Core/TweenManager.cs:444)
DG.Tweening.Core.DOTweenComponent:Update () (at D:/DG/_Develop/__UNITY_ASSETS/_Demigiant/__DOTween/_DOTween.Assembly/DOTween/Core/DOTweenComponent.cs:75)

(Filename: D:/DG/_Develop/__UNITY_ASSETS/_Demigiant/__DOTween/_DOTween.Assembly/DOTween/Core/Debugger.cs Line: 61)

<color=#0099bc><b>DOTWEEN ► </b></color>Target or field is missing/null (Void TryThrowEditorNullExceptionObject(UnityEngine.Object, System.String)) ► The object of type 'UnityEngine.RectTransform' has been destroyed but you are still trying to access it.
Your script should either check if it is null or you should not destroy the object.

  at UnityEngine.Object+MarshalledUnityObject.TryThrowEditorNullExceptionObject (UnityEngine.Object unityObj, System.String parameterName) [0x00065] in <2f52b751ded44e96b74c2c8a24c6c65b>:0 
  at UnityEngine.Bindings.ThrowHelper.ThrowNullReferenceException (System.Object obj) [0x0000a] in <2f52b751ded44e96b74c2c8a24c6c65b>:0 
  at UnityEngine.Transform.set_localScale (UnityEngine.Vector3 value) [0x00006] in <2f52b751ded44e96b74c2c8a24c6c65b>:0 
  at DG.Tweening.ShortcutExtensions+<>c__DisplayClass44_0.<DOScale>b__1 (UnityEngine.Vector3 x) [0x00000] in D:\DG\_Develop\__UNITY_ASSETS\_Demigiant\__DOTween\_DOTween.Assembly\DOTween\ShortcutExtensions.cs:621 
  at DG.Tweening.Plugins.Vector3Plugin.EvaluateAndApply (DG.Tweening.Plugins.Options.VectorOptions options, DG.Tweening.Tween t, System.Boolean isRelative, DG.Tweening.Core.DOGetter`1[T] getter, DG.Tweening.Core.DOSetter`1[T] setter, System.Single elapsed, UnityEngine.Vector3 startValue, UnityEngine.Vector3 changeValue, System.Single duration, System.Boolean usingInversePosition, System.Int32 newCompletedSteps, DG.Tweening.Core.Enums.UpdateNotice updateNotice) [0x0022b] in D:\DG\_Develop\__UNITY_ASSETS\_Demigiant\__DOTween\_DOTween.Assembly\DOTween\Plugins\Vector3Plugin.cs:159 
  at DG.Tweening.Core.TweenerCore`3[T1,T2,TPlugOptions].ApplyTween (System.Single prevPosition, System.Int32 prevCompletedLoops, System.Int32 newCompletedSteps, System.Boolean useInversePosition, DG.Tweening.Core.Enums.UpdateMode updateMode, DG.Tweening.Core.Enums.UpdateNotice updateNotice) [0x00030] in D:\DG\_Develop\__UNITY_ASSETS\_Demigiant\__DOTween\_DOTween.Assembly\DOTween\Core\TweenerCore.cs:261 

UnityEngine.Debug:ExtractStackTraceNoAlloc (byte*,int,string)
UnityEngine.StackTraceUtility:ExtractStackTrace ()
UnityEngine.DebugLogHandler:Internal_Log (UnityEngine.LogType,UnityEngine.LogOption,string,UnityEngine.Object)
UnityEngine.DebugLogHandler:LogFormat (UnityEngine.LogType,UnityEngine.Object,string,object[])
UnityEngine.Logger:Log (UnityEngine.LogType,object)
UnityEngine.Debug:LogWarning (object)
DG.Tweening.Core.Debugger:LogSafeModeCapturedError (object,DG.Tweening.Tween) (at D:/DG/_Develop/__UNITY_ASSETS/_Demigiant/__DOTween/_DOTween.Assembly/DOTween/Core/Debugger.cs:61)
DG.Tweening.Core.TweenerCore`3<UnityEngine.Vector3, UnityEngine.Vector3, DG.Tweening.Plugins.Options.VectorOptions>:ApplyTween (single,int,int,bool,DG.Tweening.Core.Enums.UpdateMode,DG.Tweening.Core.Enums.UpdateNotice) (at D:/DG/_Develop/__UNITY_ASSETS/_Demigiant/__DOTween/_DOTween.Assembly/DOTween/Core/TweenerCore.cs:265)
DG.Tweening.Tween:DoGoto (DG.Tweening.Tween,single,int,DG.Tweening.Core.Enums.UpdateMode) (at D:/DG/_Develop/__UNITY_ASSETS/_Demigiant/__DOTween/_DOTween.Assembly/DOTween/Tween.cs:266)
DG.Tweening.Core.TweenManager:Goto (DG.Tweening.Tween,single,bool,DG.Tweening.Core.Enums.UpdateMode) (at D:/DG/_Develop/__UNITY_ASSETS/_Demigiant/__DOTween/_DOTween.Assembly/DOTween/Core/TweenManager.cs:803)
DG.Tweening.Sequence:ApplyInternalCycle (DG.Tweening.Sequence,single,single,DG.Tweening.Core.Enums.UpdateMode,bool,bool,bool) (at D:/DG/_Develop/__UNITY_ASSETS/_Demigiant/__DOTween/_DOTween.Assembly/DOTween/Sequence.cs:369)
DG.Tweening.Sequence:DoApplyTween (DG.Tweening.Sequence,single,int,int,bool,DG.Tweening.Core.Enums.UpdateMode) (at D:/DG/_Develop/__UNITY_ASSETS/_Demigiant/__DOTween/_DOTween.Assembly/DOTween/Sequence.cs:252)
DG.Tweening.Sequence:ApplyTween (single,int,int,bool,DG.Tweening.Core.Enums.UpdateMode,DG.Tweening.Core.Enums.UpdateNotice) (at D:/DG/_Develop/__UNITY_ASSETS/_Demigiant/__DOTween/_DOTween.Assembly/DOTween/Sequence.cs:166)
DG.Tweening.Tween:DoGoto (DG.Tweening.Tween,single,int,DG.Tweening.Core.Enums.UpdateMode) (at D:/DG/_Develop/__UNITY_ASSETS/_Demigiant/__DOTween/_DOTween.Assembly/DOTween/Tween.cs:266)
DG.Tweening.Core.TweenManager:Update (DG.Tweening.Tween,single,single,bool) (at D:/DG/_Develop/__UNITY_ASSETS/_Demigiant/__DOTween/_DOTween.Assembly/DOTween/Core/TweenManager.cs:596)
DG.Tweening.Core.TweenManager:Update (DG.Tweening.UpdateType,single,single) (at D:/DG/_Develop/__UNITY_ASSETS/_Demigiant/__DOTween/_DOTween.Assembly/DOTween/Core/TweenManager.cs:444)
DG.Tweening.Core.DOTweenComponent:Update () (at D:/DG/_Develop/__UNITY_ASSETS/_Demigiant/__DOTween/_DOTween.Assembly/DOTween/Core/DOTweenComponent.cs:75)

(Filename: D:/DG/_Develop/__UNITY_ASSETS/_Demigiant/__DOTween/_DOTween.Assembly/DOTween/Core/Debugger.cs Line: 61)

<color=#0099bc><b>DOTWEEN ► </b></color>Target or field is missing/null (Void TryThrowEditorNullExceptionObject(UnityEngine.Object, System.String)) ► The object of type 'UnityEngine.RectTransform' has been destroyed but you are still trying to access it.
Your script should either check if it is null or you should not destroy the object.

  at UnityEngine.Object+MarshalledUnityObject.TryThrowEditorNullExceptionObject (UnityEngine.Object unityObj, System.String parameterName) [0x00065] in <2f52b751ded44e96b74c2c8a24c6c65b>:0 
  at UnityEngine.Bindings.ThrowHelper.ThrowNullReferenceException (System.Object obj) [0x0000a] in <2f52b751ded44e96b74c2c8a24c6c65b>:0 
  at UnityEngine.Transform.set_localScale (UnityEngine.Vector3 value) [0x00006] in <2f52b751ded44e96b74c2c8a24c6c65b>:0 
  at DG.Tweening.ShortcutExtensions+<>c__DisplayClass44_0.<DOScale>b__1 (UnityEngine.Vector3 x) [0x00000] in D:\DG\_Develop\__UNITY_ASSETS\_Demigiant\__DOTween\_DOTween.Assembly\DOTween\ShortcutExtensions.cs:621 
  at DG.Tweening.Plugins.Vector3Plugin.EvaluateAndApply (DG.Tweening.Plugins.Options.VectorOptions options, DG.Tweening.Tween t, System.Boolean isRelative, DG.Tweening.Core.DOGetter`1[T] getter, DG.Tweening.Core.DOSetter`1[T] setter, System.Single elapsed, UnityEngine.Vector3 startValue, UnityEngine.Vector3 changeValue, System.Single duration, System.Boolean usingInversePosition, System.Int32 newCompletedSteps, DG.Tweening.Core.Enums.UpdateNotice updateNotice) [0x0022b] in D:\DG\_Develop\__UNITY_ASSETS\_Demigiant\__DOTween\_DOTween.Assembly\DOTween\Plugins\Vector3Plugin.cs:159 
  at DG.Tweening.Core.TweenerCore`3[T1,T2,TPlugOptions].ApplyTween (System.Single prevPosition, System.Int32 prevCompletedLoops, System.Int32 newCompletedSteps, System.Boolean useInversePosition, DG.Tweening.Core.Enums.UpdateMode updateMode, DG.Tweening.Core.Enums.UpdateNotice updateNotice) [0x00030] in D:\DG\_Develop\__UNITY_ASSETS\_Demigiant\__DOTween\_DOTween.Assembly\DOTween\Core\TweenerCore.cs:261 

UnityEngine.Debug:ExtractStackTraceNoAlloc (byte*,int,string)
UnityEngine.StackTraceUtility:ExtractStackTrace ()
UnityEngine.DebugLogHandler:Internal_Log (UnityEngine.LogType,UnityEngine.LogOption,string,UnityEngine.Object)
UnityEngine.DebugLogHandler:LogFormat (UnityEngine.LogType,UnityEngine.Object,string,object[])
UnityEngine.Logger:Log (UnityEngine.LogType,object)
UnityEngine.Debug:LogWarning (object)
DG.Tweening.Core.Debugger:LogSafeModeCapturedError (object,DG.Tweening.Tween) (at D:/DG/_Develop/__UNITY_ASSETS/_Demigiant/__DOTween/_DOTween.Assembly/DOTween/Core/Debugger.cs:61)
DG.Tweening.Core.TweenerCore`3<UnityEngine.Vector3, UnityEngine.Vector3, DG.Tweening.Plugins.Options.VectorOptions>:ApplyTween (single,int,int,bool,DG.Tweening.Core.Enums.UpdateMode,DG.Tweening.Core.Enums.UpdateNotice) (at D:/DG/_Develop/__UNITY_ASSETS/_Demigiant/__DOTween/_DOTween.Assembly/DOTween/Core/TweenerCore.cs:265)
DG.Tweening.Tween:DoGoto (DG.Tweening.Tween,single,int,DG.Tweening.Core.Enums.UpdateMode) (at D:/DG/_Develop/__UNITY_ASSETS/_Demigiant/__DOTween/_DOTween.Assembly/DOTween/Tween.cs:266)
DG.Tweening.Core.TweenManager:Goto (DG.Tweening.Tween,single,bool,DG.Tweening.Core.Enums.UpdateMode) (at D:/DG/_Develop/__UNITY_ASSETS/_Demigiant/__DOTween/_DOTween.Assembly/DOTween/Core/TweenManager.cs:803)
DG.Tweening.Sequence:ApplyInternalCycle (DG.Tweening.Sequence,single,single,DG.Tweening.Core.Enums.UpdateMode,bool,bool,bool) (at D:/DG/_Develop/__UNITY_ASSETS/_Demigiant/__DOTween/_DOTween.Assembly/DOTween/Sequence.cs:369)
DG.Tweening.Sequence:DoApplyTween (DG.Tweening.Sequence,single,int,int,bool,DG.Tweening.Core.Enums.UpdateMode) (at D:/DG/_Develop/__UNITY_ASSETS/_Demigiant/__DOTween/_DOTween.Assembly/DOTween/Sequence.cs:252)
DG.Tweening.Sequence:ApplyTween (single,int,int,bool,DG.Tweening.Core.Enums.UpdateMode,DG.Tweening.Core.Enums.UpdateNotice) (at D:/DG/_Develop/__UNITY_ASSETS/_Demigiant/__DOTween/_DOTween.Assembly/DOTween/Sequence.cs:166)
DG.Tweening.Tween:DoGoto (DG.Tweening.Tween,single,int,DG.Tweening.Core.Enums.UpdateMode) (at D:/DG/_Develop/__UNITY_ASSETS/_Demigiant/__DOTween/_DOTween.Assembly/DOTween/Tween.cs:266)
DG.Tweening.Core.TweenManager:Update (DG.Tweening.Tween,single,single,bool) (at D:/DG/_Develop/__UNITY_ASSETS/_Demigiant/__DOTween/_DOTween.Assembly/DOTween/Core/TweenManager.cs:596)
DG.Tweening.Core.TweenManager:Update (DG.Tweening.UpdateType,single,single) (at D:/DG/_Develop/__UNITY_ASSETS/_Demigiant/__DOTween/_DOTween.Assembly/DOTween/Core/TweenManager.cs:444)
DG.Tweening.Core.DOTweenComponent:Update () (at D:/DG/_Develop/__UNITY_ASSETS/_Demigiant/__DOTween/_DOTween.Assembly/DOTween/Core/DOTweenComponent.cs:75)

(Filename: D:/DG/_Develop/__UNITY_ASSETS/_Demigiant/__DOTween/_DOTween.Assembly/DOTween/Core/Debugger.cs Line: 61)

<color=#0099bc><b>DOTWEEN ► </b></color>Target or field is missing/null (Void TryThrowEditorNullExceptionObject(UnityEngine.Object, System.String)) ► The object of type 'UnityEngine.RectTransform' has been destroyed but you are still trying to access it.
Your script should either check if it is null or you should not destroy the object.

  at UnityEngine.Object+MarshalledUnityObject.TryThrowEditorNullExceptionObject (UnityEngine.Object unityObj, System.String parameterName) [0x00065] in <2f52b751ded44e96b74c2c8a24c6c65b>:0 
  at UnityEngine.Bindings.ThrowHelper.ThrowNullReferenceException (System.Object obj) [0x0000a] in <2f52b751ded44e96b74c2c8a24c6c65b>:0 
  at UnityEngine.Transform.set_localScale (UnityEngine.Vector3 value) [0x00006] in <2f52b751ded44e96b74c2c8a24c6c65b>:0 
  at DG.Tweening.ShortcutExtensions+<>c__DisplayClass44_0.<DOScale>b__1 (UnityEngine.Vector3 x) [0x00000] in D:\DG\_Develop\__UNITY_ASSETS\_Demigiant\__DOTween\_DOTween.Assembly\DOTween\ShortcutExtensions.cs:621 
  at DG.Tweening.Plugins.Vector3Plugin.EvaluateAndApply (DG.Tweening.Plugins.Options.VectorOptions options, DG.Tweening.Tween t, System.Boolean isRelative, DG.Tweening.Core.DOGetter`1[T] getter, DG.Tweening.Core.DOSetter`1[T] setter, System.Single elapsed, UnityEngine.Vector3 startValue, UnityEngine.Vector3 changeValue, System.Single duration, System.Boolean usingInversePosition, System.Int32 newCompletedSteps, DG.Tweening.Core.Enums.UpdateNotice updateNotice) [0x0022b] in D:\DG\_Develop\__UNITY_ASSETS\_Demigiant\__DOTween\_DOTween.Assembly\DOTween\Plugins\Vector3Plugin.cs:159 
  at DG.Tweening.Core.TweenerCore`3[T1,T2,TPlugOptions].ApplyTween (System.Single prevPosition, System.Int32 prevCompletedLoops, System.Int32 newCompletedSteps, System.Boolean useInversePosition, DG.Tweening.Core.Enums.UpdateMode updateMode, DG.Tweening.Core.Enums.UpdateNotice updateNotice) [0x00030] in D:\DG\_Develop\__UNITY_ASSETS\_Demigiant\__DOTween\_DOTween.Assembly\DOTween\Core\TweenerCore.cs:261 

UnityEngine.Debug:ExtractStackTraceNoAlloc (byte*,int,string)
UnityEngine.StackTraceUtility:ExtractStackTrace ()
UnityEngine.DebugLogHandler:Internal_Log (UnityEngine.LogType,UnityEngine.LogOption,string,UnityEngine.Object)
UnityEngine.DebugLogHandler:LogFormat (UnityEngine.LogType,UnityEngine.Object,string,object[])
UnityEngine.Logger:Log (UnityEngine.LogType,object)
UnityEngine.Debug:LogWarning (object)
DG.Tweening.Core.Debugger:LogSafeModeCapturedError (object,DG.Tweening.Tween) (at D:/DG/_Develop/__UNITY_ASSETS/_Demigiant/__DOTween/_DOTween.Assembly/DOTween/Core/Debugger.cs:61)
DG.Tweening.Core.TweenerCore`3<UnityEngine.Vector3, UnityEngine.Vector3, DG.Tweening.Plugins.Options.VectorOptions>:ApplyTween (single,int,int,bool,DG.Tweening.Core.Enums.UpdateMode,DG.Tweening.Core.Enums.UpdateNotice) (at D:/DG/_Develop/__UNITY_ASSETS/_Demigiant/__DOTween/_DOTween.Assembly/DOTween/Core/TweenerCore.cs:265)
DG.Tweening.Tween:DoGoto (DG.Tweening.Tween,single,int,DG.Tweening.Core.Enums.UpdateMode) (at D:/DG/_Develop/__UNITY_ASSETS/_Demigiant/__DOTween/_DOTween.Assembly/DOTween/Tween.cs:266)
DG.Tweening.Core.TweenManager:Goto (DG.Tweening.Tween,single,bool,DG.Tweening.Core.Enums.UpdateMode) (at D:/DG/_Develop/__UNITY_ASSETS/_Demigiant/__DOTween/_DOTween.Assembly/DOTween/Core/TweenManager.cs:803)
DG.Tweening.Sequence:ApplyInternalCycle (DG.Tweening.Sequence,single,single,DG.Tweening.Core.Enums.UpdateMode,bool,bool,bool) (at D:/DG/_Develop/__UNITY_ASSETS/_Demigiant/__DOTween/_DOTween.Assembly/DOTween/Sequence.cs:369)
DG.Tweening.Sequence:DoApplyTween (DG.Tweening.Sequence,single,int,int,bool,DG.Tweening.Core.Enums.UpdateMode) (at D:/DG/_Develop/__UNITY_ASSETS/_Demigiant/__DOTween/_DOTween.Assembly/DOTween/Sequence.cs:252)
DG.Tweening.Sequence:ApplyTween (single,int,int,bool,DG.Tweening.Core.Enums.UpdateMode,DG.Tweening.Core.Enums.UpdateNotice) (at D:/DG/_Develop/__UNITY_ASSETS/_Demigiant/__DOTween/_DOTween.Assembly/DOTween/Sequence.cs:166)
DG.Tweening.Tween:DoGoto (DG.Tweening.Tween,single,int,DG.Tweening.Core.Enums.UpdateMode) (at D:/DG/_Develop/__UNITY_ASSETS/_Demigiant/__DOTween/_DOTween.Assembly/DOTween/Tween.cs:266)
DG.Tweening.Core.TweenManager:Update (DG.Tweening.Tween,single,single,bool) (at D:/DG/_Develop/__UNITY_ASSETS/_Demigiant/__DOTween/_DOTween.Assembly/DOTween/Core/TweenManager.cs:596)
DG.Tweening.Core.TweenManager:Update (DG.Tweening.UpdateType,single,single) (at D:/DG/_Develop/__UNITY_ASSETS/_Demigiant/__DOTween/_DOTween.Assembly/DOTween/Core/TweenManager.cs:444)
DG.Tweening.Core.DOTweenComponent:Update () (at D:/DG/_Develop/__UNITY_ASSETS/_Demigiant/__DOTween/_DOTween.Assembly/DOTween/Core/DOTweenComponent.cs:75)

(Filename: D:/DG/_Develop/__UNITY_ASSETS/_Demigiant/__DOTween/_DOTween.Assembly/DOTween/Core/Debugger.cs Line: 61)

<color=#0099bc><b>DOTWEEN ► </b></color>Target or field is missing/null (Void TryThrowEditorNullExceptionObject(UnityEngine.Object, System.String)) ► The object of type 'UnityEngine.RectTransform' has been destroyed but you are still trying to access it.
Your script should either check if it is null or you should not destroy the object.

  at UnityEngine.Object+MarshalledUnityObject.TryThrowEditorNullExceptionObject (UnityEngine.Object unityObj, System.String parameterName) [0x00065] in <2f52b751ded44e96b74c2c8a24c6c65b>:0 
  at UnityEngine.Bindings.ThrowHelper.ThrowNullReferenceException (System.Object obj) [0x0000a] in <2f52b751ded44e96b74c2c8a24c6c65b>:0 
  at UnityEngine.Transform.set_localScale (UnityEngine.Vector3 value) [0x00006] in <2f52b751ded44e96b74c2c8a24c6c65b>:0 
  at DG.Tweening.ShortcutExtensions+<>c__DisplayClass44_0.<DOScale>b__1 (UnityEngine.Vector3 x) [0x00000] in D:\DG\_Develop\__UNITY_ASSETS\_Demigiant\__DOTween\_DOTween.Assembly\DOTween\ShortcutExtensions.cs:621 
  at DG.Tweening.Plugins.Vector3Plugin.EvaluateAndApply (DG.Tweening.Plugins.Options.VectorOptions options, DG.Tweening.Tween t, System.Boolean isRelative, DG.Tweening.Core.DOGetter`1[T] getter, DG.Tweening.Core.DOSetter`1[T] setter, System.Single elapsed, UnityEngine.Vector3 startValue, UnityEngine.Vector3 changeValue, System.Single duration, System.Boolean usingInversePosition, System.Int32 newCompletedSteps, DG.Tweening.Core.Enums.UpdateNotice updateNotice) [0x0022b] in D:\DG\_Develop\__UNITY_ASSETS\_Demigiant\__DOTween\_DOTween.Assembly\DOTween\Plugins\Vector3Plugin.cs:159 
  at DG.Tweening.Core.TweenerCore`3[T1,T2,TPlugOptions].ApplyTween (System.Single prevPosition, System.Int32 prevCompletedLoops, System.Int32 newCompletedSteps, System.Boolean useInversePosition, DG.Tweening.Core.Enums.UpdateMode updateMode, DG.Tweening.Core.Enums.UpdateNotice updateNotice) [0x00030] in D:\DG\_Develop\__UNITY_ASSETS\_Demigiant\__DOTween\_DOTween.Assembly\DOTween\Core\TweenerCore.cs:261 

UnityEngine.Debug:ExtractStackTraceNoAlloc (byte*,int,string)
UnityEngine.StackTraceUtility:ExtractStackTrace ()
UnityEngine.DebugLogHandler:Internal_Log (UnityEngine.LogType,UnityEngine.LogOption,string,UnityEngine.Object)
UnityEngine.DebugLogHandler:LogFormat (UnityEngine.LogType,UnityEngine.Object,string,object[])
UnityEngine.Logger:Log (UnityEngine.LogType,object)
UnityEngine.Debug:LogWarning (object)
DG.Tweening.Core.Debugger:LogSafeModeCapturedError (object,DG.Tweening.Tween) (at D:/DG/_Develop/__UNITY_ASSETS/_Demigiant/__DOTween/_DOTween.Assembly/DOTween/Core/Debugger.cs:61)
DG.Tweening.Core.TweenerCore`3<UnityEngine.Vector3, UnityEngine.Vector3, DG.Tweening.Plugins.Options.VectorOptions>:ApplyTween (single,int,int,bool,DG.Tweening.Core.Enums.UpdateMode,DG.Tweening.Core.Enums.UpdateNotice) (at D:/DG/_Develop/__UNITY_ASSETS/_Demigiant/__DOTween/_DOTween.Assembly/DOTween/Core/TweenerCore.cs:265)
DG.Tweening.Tween:DoGoto (DG.Tweening.Tween,single,int,DG.Tweening.Core.Enums.UpdateMode) (at D:/DG/_Develop/__UNITY_ASSETS/_Demigiant/__DOTween/_DOTween.Assembly/DOTween/Tween.cs:266)
DG.Tweening.Core.TweenManager:Goto (DG.Tweening.Tween,single,bool,DG.Tweening.Core.Enums.UpdateMode) (at D:/DG/_Develop/__UNITY_ASSETS/_Demigiant/__DOTween/_DOTween.Assembly/DOTween/Core/TweenManager.cs:803)
DG.Tweening.Sequence:ApplyInternalCycle (DG.Tweening.Sequence,single,single,DG.Tweening.Core.Enums.UpdateMode,bool,bool,bool) (at D:/DG/_Develop/__UNITY_ASSETS/_Demigiant/__DOTween/_DOTween.Assembly/DOTween/Sequence.cs:369)
DG.Tweening.Sequence:DoApplyTween (DG.Tweening.Sequence,single,int,int,bool,DG.Tweening.Core.Enums.UpdateMode) (at D:/DG/_Develop/__UNITY_ASSETS/_Demigiant/__DOTween/_DOTween.Assembly/DOTween/Sequence.cs:252)
DG.Tweening.Sequence:ApplyTween (single,int,int,bool,DG.Tweening.Core.Enums.UpdateMode,DG.Tweening.Core.Enums.UpdateNotice) (at D:/DG/_Develop/__UNITY_ASSETS/_Demigiant/__DOTween/_DOTween.Assembly/DOTween/Sequence.cs:166)
DG.Tweening.Tween:DoGoto (DG.Tweening.Tween,single,int,DG.Tweening.Core.Enums.UpdateMode) (at D:/DG/_Develop/__UNITY_ASSETS/_Demigiant/__DOTween/_DOTween.Assembly/DOTween/Tween.cs:266)
DG.Tweening.Core.TweenManager:Update (DG.Tweening.Tween,single,single,bool) (at D:/DG/_Develop/__UNITY_ASSETS/_Demigiant/__DOTween/_DOTween.Assembly/DOTween/Core/TweenManager.cs:596)
DG.Tweening.Core.TweenManager:Update (DG.Tweening.UpdateType,single,single) (at D:/DG/_Develop/__UNITY_ASSETS/_Demigiant/__DOTween/_DOTween.Assembly/DOTween/Core/TweenManager.cs:444)
DG.Tweening.Core.DOTweenComponent:Update () (at D:/DG/_Develop/__UNITY_ASSETS/_Demigiant/__DOTween/_DOTween.Assembly/DOTween/Core/DOTweenComponent.cs:75)

(Filename: D:/DG/_Develop/__UNITY_ASSETS/_Demigiant/__DOTween/_DOTween.Assembly/DOTween/Core/Debugger.cs Line: 61)

<color=#0099bc><b>DOTWEEN ► </b></color>Target or field is missing/null (Void TryThrowEditorNullExceptionObject(UnityEngine.Object, System.String)) ► The object of type 'UnityEngine.RectTransform' has been destroyed but you are still trying to access it.
Your script should either check if it is null or you should not destroy the object.

  at UnityEngine.Object+MarshalledUnityObject.TryThrowEditorNullExceptionObject (UnityEngine.Object unityObj, System.String parameterName) [0x00065] in <2f52b751ded44e96b74c2c8a24c6c65b>:0 
  at UnityEngine.Bindings.ThrowHelper.ThrowNullReferenceException (System.Object obj) [0x0000a] in <2f52b751ded44e96b74c2c8a24c6c65b>:0 
  at UnityEngine.Transform.set_localScale (UnityEngine.Vector3 value) [0x00006] in <2f52b751ded44e96b74c2c8a24c6c65b>:0 
  at DG.Tweening.ShortcutExtensions+<>c__DisplayClass44_0.<DOScale>b__1 (UnityEngine.Vector3 x) [0x00000] in D:\DG\_Develop\__UNITY_ASSETS\_Demigiant\__DOTween\_DOTween.Assembly\DOTween\ShortcutExtensions.cs:621 
  at DG.Tweening.Plugins.Vector3Plugin.EvaluateAndApply (DG.Tweening.Plugins.Options.VectorOptions options, DG.Tweening.Tween t, System.Boolean isRelative, DG.Tweening.Core.DOGetter`1[T] getter, DG.Tweening.Core.DOSetter`1[T] setter, System.Single elapsed, UnityEngine.Vector3 startValue, UnityEngine.Vector3 changeValue, System.Single duration, System.Boolean usingInversePosition, System.Int32 newCompletedSteps, DG.Tweening.Core.Enums.UpdateNotice updateNotice) [0x0022b] in D:\DG\_Develop\__UNITY_ASSETS\_Demigiant\__DOTween\_DOTween.Assembly\DOTween\Plugins\Vector3Plugin.cs:159 
  at DG.Tweening.Core.TweenerCore`3[T1,T2,TPlugOptions].ApplyTween (System.Single prevPosition, System.Int32 prevCompletedLoops, System.Int32 newCompletedSteps, System.Boolean useInversePosition, DG.Tweening.Core.Enums.UpdateMode updateMode, DG.Tweening.Core.Enums.UpdateNotice updateNotice) [0x00030] in D:\DG\_Develop\__UNITY_ASSETS\_Demigiant\__DOTween\_DOTween.Assembly\DOTween\Core\TweenerCore.cs:261 

UnityEngine.Debug:ExtractStackTraceNoAlloc (byte*,int,string)
UnityEngine.StackTraceUtility:ExtractStackTrace ()
UnityEngine.DebugLogHandler:Internal_Log (UnityEngine.LogType,UnityEngine.LogOption,string,UnityEngine.Object)
UnityEngine.DebugLogHandler:LogFormat (UnityEngine.LogType,UnityEngine.Object,string,object[])
UnityEngine.Logger:Log (UnityEngine.LogType,object)
UnityEngine.Debug:LogWarning (object)
DG.Tweening.Core.Debugger:LogSafeModeCapturedError (object,DG.Tweening.Tween) (at D:/DG/_Develop/__UNITY_ASSETS/_Demigiant/__DOTween/_DOTween.Assembly/DOTween/Core/Debugger.cs:61)
DG.Tweening.Core.TweenerCore`3<UnityEngine.Vector3, UnityEngine.Vector3, DG.Tweening.Plugins.Options.VectorOptions>:ApplyTween (single,int,int,bool,DG.Tweening.Core.Enums.UpdateMode,DG.Tweening.Core.Enums.UpdateNotice) (at D:/DG/_Develop/__UNITY_ASSETS/_Demigiant/__DOTween/_DOTween.Assembly/DOTween/Core/TweenerCore.cs:265)
DG.Tweening.Tween:DoGoto (DG.Tweening.Tween,single,int,DG.Tweening.Core.Enums.UpdateMode) (at D:/DG/_Develop/__UNITY_ASSETS/_Demigiant/__DOTween/_DOTween.Assembly/DOTween/Tween.cs:266)
DG.Tweening.Core.TweenManager:Goto (DG.Tweening.Tween,single,bool,DG.Tweening.Core.Enums.UpdateMode) (at D:/DG/_Develop/__UNITY_ASSETS/_Demigiant/__DOTween/_DOTween.Assembly/DOTween/Core/TweenManager.cs:803)
DG.Tweening.Sequence:ApplyInternalCycle (DG.Tweening.Sequence,single,single,DG.Tweening.Core.Enums.UpdateMode,bool,bool,bool) (at D:/DG/_Develop/__UNITY_ASSETS/_Demigiant/__DOTween/_DOTween.Assembly/DOTween/Sequence.cs:369)
DG.Tweening.Sequence:DoApplyTween (DG.Tweening.Sequence,single,int,int,bool,DG.Tweening.Core.Enums.UpdateMode) (at D:/DG/_Develop/__UNITY_ASSETS/_Demigiant/__DOTween/_DOTween.Assembly/DOTween/Sequence.cs:252)
DG.Tweening.Sequence:ApplyTween (single,int,int,bool,DG.Tweening.Core.Enums.UpdateMode,DG.Tweening.Core.Enums.UpdateNotice) (at D:/DG/_Develop/__UNITY_ASSETS/_Demigiant/__DOTween/_DOTween.Assembly/DOTween/Sequence.cs:166)
DG.Tweening.Tween:DoGoto (DG.Tweening.Tween,single,int,DG.Tweening.Core.Enums.UpdateMode) (at D:/DG/_Develop/__UNITY_ASSETS/_Demigiant/__DOTween/_DOTween.Assembly/DOTween/Tween.cs:266)
DG.Tweening.Core.TweenManager:Update (DG.Tweening.Tween,single,single,bool) (at D:/DG/_Develop/__UNITY_ASSETS/_Demigiant/__DOTween/_DOTween.Assembly/DOTween/Core/TweenManager.cs:596)
DG.Tweening.Core.TweenManager:Update (DG.Tweening.UpdateType,single,single) (at D:/DG/_Develop/__UNITY_ASSETS/_Demigiant/__DOTween/_DOTween.Assembly/DOTween/Core/TweenManager.cs:444)
DG.Tweening.Core.DOTweenComponent:Update () (at D:/DG/_Develop/__UNITY_ASSETS/_Demigiant/__DOTween/_DOTween.Assembly/DOTween/Core/DOTweenComponent.cs:75)

(Filename: D:/DG/_Develop/__UNITY_ASSETS/_Demigiant/__DOTween/_DOTween.Assembly/DOTween/Core/Debugger.cs Line: 61)

<color=#0099bc><b>DOTWEEN ► </b></color>Target or field is missing/null (Void TryThrowEditorNullExceptionObject(UnityEngine.Object, System.String)) ► The object of type 'UnityEngine.RectTransform' has been destroyed but you are still trying to access it.
Your script should either check if it is null or you should not destroy the object.

  at UnityEngine.Object+MarshalledUnityObject.TryThrowEditorNullExceptionObject (UnityEngine.Object unityObj, System.String parameterName) [0x00065] in <2f52b751ded44e96b74c2c8a24c6c65b>:0 
  at UnityEngine.Bindings.ThrowHelper.ThrowNullReferenceException (System.Object obj) [0x0000a] in <2f52b751ded44e96b74c2c8a24c6c65b>:0 
  at UnityEngine.Transform.set_localScale (UnityEngine.Vector3 value) [0x00006] in <2f52b751ded44e96b74c2c8a24c6c65b>:0 
  at DG.Tweening.ShortcutExtensions+<>c__DisplayClass44_0.<DOScale>b__1 (UnityEngine.Vector3 x) [0x00000] in D:\DG\_Develop\__UNITY_ASSETS\_Demigiant\__DOTween\_DOTween.Assembly\DOTween\ShortcutExtensions.cs:621 
  at DG.Tweening.Plugins.Vector3Plugin.EvaluateAndApply (DG.Tweening.Plugins.Options.VectorOptions options, DG.Tweening.Tween t, System.Boolean isRelative, DG.Tweening.Core.DOGetter`1[T] getter, DG.Tweening.Core.DOSetter`1[T] setter, System.Single elapsed, UnityEngine.Vector3 startValue, UnityEngine.Vector3 changeValue, System.Single duration, System.Boolean usingInversePosition, System.Int32 newCompletedSteps, DG.Tweening.Core.Enums.UpdateNotice updateNotice) [0x0022b] in D:\DG\_Develop\__UNITY_ASSETS\_Demigiant\__DOTween\_DOTween.Assembly\DOTween\Plugins\Vector3Plugin.cs:159 
  at DG.Tweening.Core.TweenerCore`3[T1,T2,TPlugOptions].ApplyTween (System.Single prevPosition, System.Int32 prevCompletedLoops, System.Int32 newCompletedSteps, System.Boolean useInversePosition, DG.Tweening.Core.Enums.UpdateMode updateMode, DG.Tweening.Core.Enums.UpdateNotice updateNotice) [0x00030] in D:\DG\_Develop\__UNITY_ASSETS\_Demigiant\__DOTween\_DOTween.Assembly\DOTween\Core\TweenerCore.cs:261 

UnityEngine.Debug:ExtractStackTraceNoAlloc (byte*,int,string)
UnityEngine.StackTraceUtility:ExtractStackTrace ()
UnityEngine.DebugLogHandler:Internal_Log (UnityEngine.LogType,UnityEngine.LogOption,string,UnityEngine.Object)
UnityEngine.DebugLogHandler:LogFormat (UnityEngine.LogType,UnityEngine.Object,string,object[])
UnityEngine.Logger:Log (UnityEngine.LogType,object)
UnityEngine.Debug:LogWarning (object)
DG.Tweening.Core.Debugger:LogSafeModeCapturedError (object,DG.Tweening.Tween) (at D:/DG/_Develop/__UNITY_ASSETS/_Demigiant/__DOTween/_DOTween.Assembly/DOTween/Core/Debugger.cs:61)
DG.Tweening.Core.TweenerCore`3<UnityEngine.Vector3, UnityEngine.Vector3, DG.Tweening.Plugins.Options.VectorOptions>:ApplyTween (single,int,int,bool,DG.Tweening.Core.Enums.UpdateMode,DG.Tweening.Core.Enums.UpdateNotice) (at D:/DG/_Develop/__UNITY_ASSETS/_Demigiant/__DOTween/_DOTween.Assembly/DOTween/Core/TweenerCore.cs:265)
DG.Tweening.Tween:DoGoto (DG.Tweening.Tween,single,int,DG.Tweening.Core.Enums.UpdateMode) (at D:/DG/_Develop/__UNITY_ASSETS/_Demigiant/__DOTween/_DOTween.Assembly/DOTween/Tween.cs:266)
DG.Tweening.Core.TweenManager:Goto (DG.Tweening.Tween,single,bool,DG.Tweening.Core.Enums.UpdateMode) (at D:/DG/_Develop/__UNITY_ASSETS/_Demigiant/__DOTween/_DOTween.Assembly/DOTween/Core/TweenManager.cs:803)
DG.Tweening.Sequence:ApplyInternalCycle (DG.Tweening.Sequence,single,single,DG.Tweening.Core.Enums.UpdateMode,bool,bool,bool) (at D:/DG/_Develop/__UNITY_ASSETS/_Demigiant/__DOTween/_DOTween.Assembly/DOTween/Sequence.cs:369)
DG.Tweening.Sequence:DoApplyTween (DG.Tweening.Sequence,single,int,int,bool,DG.Tweening.Core.Enums.UpdateMode) (at D:/DG/_Develop/__UNITY_ASSETS/_Demigiant/__DOTween/_DOTween.Assembly/DOTween/Sequence.cs:252)
DG.Tweening.Sequence:ApplyTween (single,int,int,bool,DG.Tweening.Core.Enums.UpdateMode,DG.Tweening.Core.Enums.UpdateNotice) (at D:/DG/_Develop/__UNITY_ASSETS/_Demigiant/__DOTween/_DOTween.Assembly/DOTween/Sequence.cs:166)
DG.Tweening.Tween:DoGoto (DG.Tweening.Tween,single,int,DG.Tweening.Core.Enums.UpdateMode) (at D:/DG/_Develop/__UNITY_ASSETS/_Demigiant/__DOTween/_DOTween.Assembly/DOTween/Tween.cs:266)
DG.Tweening.Core.TweenManager:Update (DG.Tweening.Tween,single,single,bool) (at D:/DG/_Develop/__UNITY_ASSETS/_Demigiant/__DOTween/_DOTween.Assembly/DOTween/Core/TweenManager.cs:596)
DG.Tweening.Core.TweenManager:Update (DG.Tweening.UpdateType,single,single) (at D:/DG/_Develop/__UNITY_ASSETS/_Demigiant/__DOTween/_DOTween.Assembly/DOTween/Core/TweenManager.cs:444)
DG.Tweening.Core.DOTweenComponent:Update () (at D:/DG/_Develop/__UNITY_ASSETS/_Demigiant/__DOTween/_DOTween.Assembly/DOTween/Core/DOTweenComponent.cs:75)

(Filename: D:/DG/_Develop/__UNITY_ASSETS/_Demigiant/__DOTween/_DOTween.Assembly/DOTween/Core/Debugger.cs Line: 61)

<color=#0099bc><b>DOTWEEN ► </b></color>Target or field is missing/null (Void TryThrowEditorNullExceptionObject(UnityEngine.Object, System.String)) ► The object of type 'UnityEngine.RectTransform' has been destroyed but you are still trying to access it.
Your script should either check if it is null or you should not destroy the object.

  at UnityEngine.Object+MarshalledUnityObject.TryThrowEditorNullExceptionObject (UnityEngine.Object unityObj, System.String parameterName) [0x00065] in <2f52b751ded44e96b74c2c8a24c6c65b>:0 
  at UnityEngine.Bindings.ThrowHelper.ThrowNullReferenceException (System.Object obj) [0x0000a] in <2f52b751ded44e96b74c2c8a24c6c65b>:0 
  at UnityEngine.Transform.set_localScale (UnityEngine.Vector3 value) [0x00006] in <2f52b751ded44e96b74c2c8a24c6c65b>:0 
  at DG.Tweening.ShortcutExtensions+<>c__DisplayClass44_0.<DOScale>b__1 (UnityEngine.Vector3 x) [0x00000] in D:\DG\_Develop\__UNITY_ASSETS\_Demigiant\__DOTween\_DOTween.Assembly\DOTween\ShortcutExtensions.cs:621 
  at DG.Tweening.Plugins.Vector3Plugin.EvaluateAndApply (DG.Tweening.Plugins.Options.VectorOptions options, DG.Tweening.Tween t, System.Boolean isRelative, DG.Tweening.Core.DOGetter`1[T] getter, DG.Tweening.Core.DOSetter`1[T] setter, System.Single elapsed, UnityEngine.Vector3 startValue, UnityEngine.Vector3 changeValue, System.Single duration, System.Boolean usingInversePosition, System.Int32 newCompletedSteps, DG.Tweening.Core.Enums.UpdateNotice updateNotice) [0x0022b] in D:\DG\_Develop\__UNITY_ASSETS\_Demigiant\__DOTween\_DOTween.Assembly\DOTween\Plugins\Vector3Plugin.cs:159 
  at DG.Tweening.Core.TweenerCore`3[T1,T2,TPlugOptions].ApplyTween (System.Single prevPosition, System.Int32 prevCompletedLoops, System.Int32 newCompletedSteps, System.Boolean useInversePosition, DG.Tweening.Core.Enums.UpdateMode updateMode, DG.Tweening.Core.Enums.UpdateNotice updateNotice) [0x00030] in D:\DG\_Develop\__UNITY_ASSETS\_Demigiant\__DOTween\_DOTween.Assembly\DOTween\Core\TweenerCore.cs:261 

UnityEngine.Debug:ExtractStackTraceNoAlloc (byte*,int,string)
UnityEngine.StackTraceUtility:ExtractStackTrace ()
UnityEngine.DebugLogHandler:Internal_Log (UnityEngine.LogType,UnityEngine.LogOption,string,UnityEngine.Object)
UnityEngine.DebugLogHandler:LogFormat (UnityEngine.LogType,UnityEngine.Object,string,object[])
UnityEngine.Logger:Log (UnityEngine.LogType,object)
UnityEngine.Debug:LogWarning (object)
DG.Tweening.Core.Debugger:LogSafeModeCapturedError (object,DG.Tweening.Tween) (at D:/DG/_Develop/__UNITY_ASSETS/_Demigiant/__DOTween/_DOTween.Assembly/DOTween/Core/Debugger.cs:61)
DG.Tweening.Core.TweenerCore`3<UnityEngine.Vector3, UnityEngine.Vector3, DG.Tweening.Plugins.Options.VectorOptions>:ApplyTween (single,int,int,bool,DG.Tweening.Core.Enums.UpdateMode,DG.Tweening.Core.Enums.UpdateNotice) (at D:/DG/_Develop/__UNITY_ASSETS/_Demigiant/__DOTween/_DOTween.Assembly/DOTween/Core/TweenerCore.cs:265)
DG.Tweening.Tween:DoGoto (DG.Tweening.Tween,single,int,DG.Tweening.Core.Enums.UpdateMode) (at D:/DG/_Develop/__UNITY_ASSETS/_Demigiant/__DOTween/_DOTween.Assembly/DOTween/Tween.cs:266)
DG.Tweening.Core.TweenManager:Goto (DG.Tweening.Tween,single,bool,DG.Tweening.Core.Enums.UpdateMode) (at D:/DG/_Develop/__UNITY_ASSETS/_Demigiant/__DOTween/_DOTween.Assembly/DOTween/Core/TweenManager.cs:803)
DG.Tweening.Sequence:ApplyInternalCycle (DG.Tweening.Sequence,single,single,DG.Tweening.Core.Enums.UpdateMode,bool,bool,bool) (at D:/DG/_Develop/__UNITY_ASSETS/_Demigiant/__DOTween/_DOTween.Assembly/DOTween/Sequence.cs:369)
DG.Tweening.Sequence:DoApplyTween (DG.Tweening.Sequence,single,int,int,bool,DG.Tweening.Core.Enums.UpdateMode) (at D:/DG/_Develop/__UNITY_ASSETS/_Demigiant/__DOTween/_DOTween.Assembly/DOTween/Sequence.cs:252)
DG.Tweening.Sequence:ApplyTween (single,int,int,bool,DG.Tweening.Core.Enums.UpdateMode,DG.Tweening.Core.Enums.UpdateNotice) (at D:/DG/_Develop/__UNITY_ASSETS/_Demigiant/__DOTween/_DOTween.Assembly/DOTween/Sequence.cs:166)
DG.Tweening.Tween:DoGoto (DG.Tweening.Tween,single,int,DG.Tweening.Core.Enums.UpdateMode) (at D:/DG/_Develop/__UNITY_ASSETS/_Demigiant/__DOTween/_DOTween.Assembly/DOTween/Tween.cs:266)
DG.Tweening.Core.TweenManager:Update (DG.Tweening.Tween,single,single,bool) (at D:/DG/_Develop/__UNITY_ASSETS/_Demigiant/__DOTween/_DOTween.Assembly/DOTween/Core/TweenManager.cs:596)
DG.Tweening.Core.TweenManager:Update (DG.Tweening.UpdateType,single,single) (at D:/DG/_Develop/__UNITY_ASSETS/_Demigiant/__DOTween/_DOTween.Assembly/DOTween/Core/TweenManager.cs:444)
DG.Tweening.Core.DOTweenComponent:Update () (at D:/DG/_Develop/__UNITY_ASSETS/_Demigiant/__DOTween/_DOTween.Assembly/DOTween/Core/DOTweenComponent.cs:75)

(Filename: D:/DG/_Develop/__UNITY_ASSETS/_Demigiant/__DOTween/_DOTween.Assembly/DOTween/Core/Debugger.cs Line: 61)

<color=#0099bc><b>DOTWEEN ► </b></color>Target or field is missing/null (Void TryThrowEditorNullExceptionObject(UnityEngine.Object, System.String)) ► The object of type 'UnityEngine.RectTransform' has been destroyed but you are still trying to access it.
Your script should either check if it is null or you should not destroy the object.

  at UnityEngine.Object+MarshalledUnityObject.TryThrowEditorNullExceptionObject (UnityEngine.Object unityObj, System.String parameterName) [0x00065] in <2f52b751ded44e96b74c2c8a24c6c65b>:0 
  at UnityEngine.Bindings.ThrowHelper.ThrowNullReferenceException (System.Object obj) [0x0000a] in <2f52b751ded44e96b74c2c8a24c6c65b>:0 
  at UnityEngine.Transform.set_localScale (UnityEngine.Vector3 value) [0x00006] in <2f52b751ded44e96b74c2c8a24c6c65b>:0 
  at DG.Tweening.ShortcutExtensions+<>c__DisplayClass44_0.<DOScale>b__1 (UnityEngine.Vector3 x) [0x00000] in D:\DG\_Develop\__UNITY_ASSETS\_Demigiant\__DOTween\_DOTween.Assembly\DOTween\ShortcutExtensions.cs:621 
  at DG.Tweening.Plugins.Vector3Plugin.EvaluateAndApply (DG.Tweening.Plugins.Options.VectorOptions options, DG.Tweening.Tween t, System.Boolean isRelative, DG.Tweening.Core.DOGetter`1[T] getter, DG.Tweening.Core.DOSetter`1[T] setter, System.Single elapsed, UnityEngine.Vector3 startValue, UnityEngine.Vector3 changeValue, System.Single duration, System.Boolean usingInversePosition, System.Int32 newCompletedSteps, DG.Tweening.Core.Enums.UpdateNotice updateNotice) [0x0022b] in D:\DG\_Develop\__UNITY_ASSETS\_Demigiant\__DOTween\_DOTween.Assembly\DOTween\Plugins\Vector3Plugin.cs:159 
  at DG.Tweening.Core.TweenerCore`3[T1,T2,TPlugOptions].ApplyTween (System.Single prevPosition, System.Int32 prevCompletedLoops, System.Int32 newCompletedSteps, System.Boolean useInversePosition, DG.Tweening.Core.Enums.UpdateMode updateMode, DG.Tweening.Core.Enums.UpdateNotice updateNotice) [0x00030] in D:\DG\_Develop\__UNITY_ASSETS\_Demigiant\__DOTween\_DOTween.Assembly\DOTween\Core\TweenerCore.cs:261 

UnityEngine.Debug:ExtractStackTraceNoAlloc (byte*,int,string)
UnityEngine.StackTraceUtility:ExtractStackTrace ()
UnityEngine.DebugLogHandler:Internal_Log (UnityEngine.LogType,UnityEngine.LogOption,string,UnityEngine.Object)
UnityEngine.DebugLogHandler:LogFormat (UnityEngine.LogType,UnityEngine.Object,string,object[])
UnityEngine.Logger:Log (UnityEngine.LogType,object)
UnityEngine.Debug:LogWarning (object)
DG.Tweening.Core.Debugger:LogSafeModeCapturedError (object,DG.Tweening.Tween) (at D:/DG/_Develop/__UNITY_ASSETS/_Demigiant/__DOTween/_DOTween.Assembly/DOTween/Core/Debugger.cs:61)
DG.Tweening.Core.TweenerCore`3<UnityEngine.Vector3, UnityEngine.Vector3, DG.Tweening.Plugins.Options.VectorOptions>:ApplyTween (single,int,int,bool,DG.Tweening.Core.Enums.UpdateMode,DG.Tweening.Core.Enums.UpdateNotice) (at D:/DG/_Develop/__UNITY_ASSETS/_Demigiant/__DOTween/_DOTween.Assembly/DOTween/Core/TweenerCore.cs:265)
DG.Tweening.Tween:DoGoto (DG.Tweening.Tween,single,int,DG.Tweening.Core.Enums.UpdateMode) (at D:/DG/_Develop/__UNITY_ASSETS/_Demigiant/__DOTween/_DOTween.Assembly/DOTween/Tween.cs:266)
DG.Tweening.Core.TweenManager:Goto (DG.Tweening.Tween,single,bool,DG.Tweening.Core.Enums.UpdateMode) (at D:/DG/_Develop/__UNITY_ASSETS/_Demigiant/__DOTween/_DOTween.Assembly/DOTween/Core/TweenManager.cs:803)
DG.Tweening.Sequence:ApplyInternalCycle (DG.Tweening.Sequence,single,single,DG.Tweening.Core.Enums.UpdateMode,bool,bool,bool) (at D:/DG/_Develop/__UNITY_ASSETS/_Demigiant/__DOTween/_DOTween.Assembly/DOTween/Sequence.cs:369)
DG.Tweening.Sequence:DoApplyTween (DG.Tweening.Sequence,single,int,int,bool,DG.Tweening.Core.Enums.UpdateMode) (at D:/DG/_Develop/__UNITY_ASSETS/_Demigiant/__DOTween/_DOTween.Assembly/DOTween/Sequence.cs:252)
DG.Tweening.Sequence:ApplyTween (single,int,int,bool,DG.Tweening.Core.Enums.UpdateMode,DG.Tweening.Core.Enums.UpdateNotice) (at D:/DG/_Develop/__UNITY_ASSETS/_Demigiant/__DOTween/_DOTween.Assembly/DOTween/Sequence.cs:166)
DG.Tweening.Tween:DoGoto (DG.Tweening.Tween,single,int,DG.Tweening.Core.Enums.UpdateMode) (at D:/DG/_Develop/__UNITY_ASSETS/_Demigiant/__DOTween/_DOTween.Assembly/DOTween/Tween.cs:266)
DG.Tweening.Core.TweenManager:Update (DG.Tweening.Tween,single,single,bool) (at D:/DG/_Develop/__UNITY_ASSETS/_Demigiant/__DOTween/_DOTween.Assembly/DOTween/Core/TweenManager.cs:596)
DG.Tweening.Core.TweenManager:Update (DG.Tweening.UpdateType,single,single) (at D:/DG/_Develop/__UNITY_ASSETS/_Demigiant/__DOTween/_DOTween.Assembly/DOTween/Core/TweenManager.cs:444)
DG.Tweening.Core.DOTweenComponent:Update () (at D:/DG/_Develop/__UNITY_ASSETS/_Demigiant/__DOTween/_DOTween.Assembly/DOTween/Core/DOTweenComponent.cs:75)

(Filename: D:/DG/_Develop/__UNITY_ASSETS/_Demigiant/__DOTween/_DOTween.Assembly/DOTween/Core/Debugger.cs Line: 61)

<color=#0099bc><b>DOTWEEN ► </b></color>Target or field is missing/null (Void TryThrowEditorNullExceptionObject(UnityEngine.Object, System.String)) ► The object of type 'UnityEngine.RectTransform' has been destroyed but you are still trying to access it.
Your script should either check if it is null or you should not destroy the object.

  at UnityEngine.Object+MarshalledUnityObject.TryThrowEditorNullExceptionObject (UnityEngine.Object unityObj, System.String parameterName) [0x00065] in <2f52b751ded44e96b74c2c8a24c6c65b>:0 
  at UnityEngine.Bindings.ThrowHelper.ThrowNullReferenceException (System.Object obj) [0x0000a] in <2f52b751ded44e96b74c2c8a24c6c65b>:0 
  at UnityEngine.Transform.set_localScale (UnityEngine.Vector3 value) [0x00006] in <2f52b751ded44e96b74c2c8a24c6c65b>:0 
  at DG.Tweening.ShortcutExtensions+<>c__DisplayClass44_0.<DOScale>b__1 (UnityEngine.Vector3 x) [0x00000] in D:\DG\_Develop\__UNITY_ASSETS\_Demigiant\__DOTween\_DOTween.Assembly\DOTween\ShortcutExtensions.cs:621 
  at DG.Tweening.Plugins.Vector3Plugin.EvaluateAndApply (DG.Tweening.Plugins.Options.VectorOptions options, DG.Tweening.Tween t, System.Boolean isRelative, DG.Tweening.Core.DOGetter`1[T] getter, DG.Tweening.Core.DOSetter`1[T] setter, System.Single elapsed, UnityEngine.Vector3 startValue, UnityEngine.Vector3 changeValue, System.Single duration, System.Boolean usingInversePosition, System.Int32 newCompletedSteps, DG.Tweening.Core.Enums.UpdateNotice updateNotice) [0x0022b] in D:\DG\_Develop\__UNITY_ASSETS\_Demigiant\__DOTween\_DOTween.Assembly\DOTween\Plugins\Vector3Plugin.cs:159 
  at DG.Tweening.Core.TweenerCore`3[T1,T2,TPlugOptions].ApplyTween (System.Single prevPosition, System.Int32 prevCompletedLoops, System.Int32 newCompletedSteps, System.Boolean useInversePosition, DG.Tweening.Core.Enums.UpdateMode updateMode, DG.Tweening.Core.Enums.UpdateNotice updateNotice) [0x00030] in D:\DG\_Develop\__UNITY_ASSETS\_Demigiant\__DOTween\_DOTween.Assembly\DOTween\Core\TweenerCore.cs:261 

UnityEngine.Debug:ExtractStackTraceNoAlloc (byte*,int,string)
UnityEngine.StackTraceUtility:ExtractStackTrace ()
UnityEngine.DebugLogHandler:Internal_Log (UnityEngine.LogType,UnityEngine.LogOption,string,UnityEngine.Object)
UnityEngine.DebugLogHandler:LogFormat (UnityEngine.LogType,UnityEngine.Object,string,object[])
UnityEngine.Logger:Log (UnityEngine.LogType,object)
UnityEngine.Debug:LogWarning (object)
DG.Tweening.Core.Debugger:LogSafeModeCapturedError (object,DG.Tweening.Tween) (at D:/DG/_Develop/__UNITY_ASSETS/_Demigiant/__DOTween/_DOTween.Assembly/DOTween/Core/Debugger.cs:61)
DG.Tweening.Core.TweenerCore`3<UnityEngine.Vector3, UnityEngine.Vector3, DG.Tweening.Plugins.Options.VectorOptions>:ApplyTween (single,int,int,bool,DG.Tweening.Core.Enums.UpdateMode,DG.Tweening.Core.Enums.UpdateNotice) (at D:/DG/_Develop/__UNITY_ASSETS/_Demigiant/__DOTween/_DOTween.Assembly/DOTween/Core/TweenerCore.cs:265)
DG.Tweening.Tween:DoGoto (DG.Tweening.Tween,single,int,DG.Tweening.Core.Enums.UpdateMode) (at D:/DG/_Develop/__UNITY_ASSETS/_Demigiant/__DOTween/_DOTween.Assembly/DOTween/Tween.cs:266)
DG.Tweening.Core.TweenManager:Goto (DG.Tweening.Tween,single,bool,DG.Tweening.Core.Enums.UpdateMode) (at D:/DG/_Develop/__UNITY_ASSETS/_Demigiant/__DOTween/_DOTween.Assembly/DOTween/Core/TweenManager.cs:803)
DG.Tweening.Sequence:ApplyInternalCycle (DG.Tweening.Sequence,single,single,DG.Tweening.Core.Enums.UpdateMode,bool,bool,bool) (at D:/DG/_Develop/__UNITY_ASSETS/_Demigiant/__DOTween/_DOTween.Assembly/DOTween/Sequence.cs:369)
DG.Tweening.Sequence:DoApplyTween (DG.Tweening.Sequence,single,int,int,bool,DG.Tweening.Core.Enums.UpdateMode) (at D:/DG/_Develop/__UNITY_ASSETS/_Demigiant/__DOTween/_DOTween.Assembly/DOTween/Sequence.cs:252)
DG.Tweening.Sequence:ApplyTween (single,int,int,bool,DG.Tweening.Core.Enums.UpdateMode,DG.Tweening.Core.Enums.UpdateNotice) (at D:/DG/_Develop/__UNITY_ASSETS/_Demigiant/__DOTween/_DOTween.Assembly/DOTween/Sequence.cs:166)
DG.Tweening.Tween:DoGoto (DG.Tweening.Tween,single,int,DG.Tweening.Core.Enums.UpdateMode) (at D:/DG/_Develop/__UNITY_ASSETS/_Demigiant/__DOTween/_DOTween.Assembly/DOTween/Tween.cs:266)
DG.Tweening.Core.TweenManager:Update (DG.Tweening.Tween,single,single,bool) (at D:/DG/_Develop/__UNITY_ASSETS/_Demigiant/__DOTween/_DOTween.Assembly/DOTween/Core/TweenManager.cs:596)
DG.Tweening.Core.TweenManager:Update (DG.Tweening.UpdateType,single,single) (at D:/DG/_Develop/__UNITY_ASSETS/_Demigiant/__DOTween/_DOTween.Assembly/DOTween/Core/TweenManager.cs:444)
DG.Tweening.Core.DOTweenComponent:Update () (at D:/DG/_Develop/__UNITY_ASSETS/_Demigiant/__DOTween/_DOTween.Assembly/DOTween/Core/DOTweenComponent.cs:75)

(Filename: D:/DG/_Develop/__UNITY_ASSETS/_Demigiant/__DOTween/_DOTween.Assembly/DOTween/Core/Debugger.cs Line: 61)

<color=#0099bc><b>DOTWEEN ► </b></color>Target or field is missing/null (Void TryThrowEditorNullExceptionObject(UnityEngine.Object, System.String)) ► The object of type 'UnityEngine.RectTransform' has been destroyed but you are still trying to access it.
Your script should either check if it is null or you should not destroy the object.

  at UnityEngine.Object+MarshalledUnityObject.TryThrowEditorNullExceptionObject (UnityEngine.Object unityObj, System.String parameterName) [0x00065] in <2f52b751ded44e96b74c2c8a24c6c65b>:0 
  at UnityEngine.Bindings.ThrowHelper.ThrowNullReferenceException (System.Object obj) [0x0000a] in <2f52b751ded44e96b74c2c8a24c6c65b>:0 
  at UnityEngine.Transform.set_localScale (UnityEngine.Vector3 value) [0x00006] in <2f52b751ded44e96b74c2c8a24c6c65b>:0 
  at DG.Tweening.ShortcutExtensions+<>c__DisplayClass44_0.<DOScale>b__1 (UnityEngine.Vector3 x) [0x00000] in D:\DG\_Develop\__UNITY_ASSETS\_Demigiant\__DOTween\_DOTween.Assembly\DOTween\ShortcutExtensions.cs:621 
  at DG.Tweening.Plugins.Vector3Plugin.EvaluateAndApply (DG.Tweening.Plugins.Options.VectorOptions options, DG.Tweening.Tween t, System.Boolean isRelative, DG.Tweening.Core.DOGetter`1[T] getter, DG.Tweening.Core.DOSetter`1[T] setter, System.Single elapsed, UnityEngine.Vector3 startValue, UnityEngine.Vector3 changeValue, System.Single duration, System.Boolean usingInversePosition, System.Int32 newCompletedSteps, DG.Tweening.Core.Enums.UpdateNotice updateNotice) [0x0022b] in D:\DG\_Develop\__UNITY_ASSETS\_Demigiant\__DOTween\_DOTween.Assembly\DOTween\Plugins\Vector3Plugin.cs:159 
  at DG.Tweening.Core.TweenerCore`3[T1,T2,TPlugOptions].ApplyTween (System.Single prevPosition, System.Int32 prevCompletedLoops, System.Int32 newCompletedSteps, System.Boolean useInversePosition, DG.Tweening.Core.Enums.UpdateMode updateMode, DG.Tweening.Core.Enums.UpdateNotice updateNotice) [0x00030] in D:\DG\_Develop\__UNITY_ASSETS\_Demigiant\__DOTween\_DOTween.Assembly\DOTween\Core\TweenerCore.cs:261 

UnityEngine.Debug:ExtractStackTraceNoAlloc (byte*,int,string)
UnityEngine.StackTraceUtility:ExtractStackTrace ()
UnityEngine.DebugLogHandler:Internal_Log (UnityEngine.LogType,UnityEngine.LogOption,string,UnityEngine.Object)
UnityEngine.DebugLogHandler:LogFormat (UnityEngine.LogType,UnityEngine.Object,string,object[])
UnityEngine.Logger:Log (UnityEngine.LogType,object)
UnityEngine.Debug:LogWarning (object)
DG.Tweening.Core.Debugger:LogSafeModeCapturedError (object,DG.Tweening.Tween) (at D:/DG/_Develop/__UNITY_ASSETS/_Demigiant/__DOTween/_DOTween.Assembly/DOTween/Core/Debugger.cs:61)
DG.Tweening.Core.TweenerCore`3<UnityEngine.Vector3, UnityEngine.Vector3, DG.Tweening.Plugins.Options.VectorOptions>:ApplyTween (single,int,int,bool,DG.Tweening.Core.Enums.UpdateMode,DG.Tweening.Core.Enums.UpdateNotice) (at D:/DG/_Develop/__UNITY_ASSETS/_Demigiant/__DOTween/_DOTween.Assembly/DOTween/Core/TweenerCore.cs:265)
DG.Tweening.Tween:DoGoto (DG.Tweening.Tween,single,int,DG.Tweening.Core.Enums.UpdateMode) (at D:/DG/_Develop/__UNITY_ASSETS/_Demigiant/__DOTween/_DOTween.Assembly/DOTween/Tween.cs:266)
DG.Tweening.Core.TweenManager:Goto (DG.Tweening.Tween,single,bool,DG.Tweening.Core.Enums.UpdateMode) (at D:/DG/_Develop/__UNITY_ASSETS/_Demigiant/__DOTween/_DOTween.Assembly/DOTween/Core/TweenManager.cs:803)
DG.Tweening.Sequence:ApplyInternalCycle (DG.Tweening.Sequence,single,single,DG.Tweening.Core.Enums.UpdateMode,bool,bool,bool) (at D:/DG/_Develop/__UNITY_ASSETS/_Demigiant/__DOTween/_DOTween.Assembly/DOTween/Sequence.cs:369)
DG.Tweening.Sequence:DoApplyTween (DG.Tweening.Sequence,single,int,int,bool,DG.Tweening.Core.Enums.UpdateMode) (at D:/DG/_Develop/__UNITY_ASSETS/_Demigiant/__DOTween/_DOTween.Assembly/DOTween/Sequence.cs:252)
DG.Tweening.Sequence:ApplyTween (single,int,int,bool,DG.Tweening.Core.Enums.UpdateMode,DG.Tweening.Core.Enums.UpdateNotice) (at D:/DG/_Develop/__UNITY_ASSETS/_Demigiant/__DOTween/_DOTween.Assembly/DOTween/Sequence.cs:166)
DG.Tweening.Tween:DoGoto (DG.Tweening.Tween,single,int,DG.Tweening.Core.Enums.UpdateMode) (at D:/DG/_Develop/__UNITY_ASSETS/_Demigiant/__DOTween/_DOTween.Assembly/DOTween/Tween.cs:266)
DG.Tweening.Core.TweenManager:Update (DG.Tweening.Tween,single,single,bool) (at D:/DG/_Develop/__UNITY_ASSETS/_Demigiant/__DOTween/_DOTween.Assembly/DOTween/Core/TweenManager.cs:596)
DG.Tweening.Core.TweenManager:Update (DG.Tweening.UpdateType,single,single) (at D:/DG/_Develop/__UNITY_ASSETS/_Demigiant/__DOTween/_DOTween.Assembly/DOTween/Core/TweenManager.cs:444)
DG.Tweening.Core.DOTweenComponent:Update () (at D:/DG/_Develop/__UNITY_ASSETS/_Demigiant/__DOTween/_DOTween.Assembly/DOTween/Core/DOTweenComponent.cs:75)

(Filename: D:/DG/_Develop/__UNITY_ASSETS/_Demigiant/__DOTween/_DOTween.Assembly/DOTween/Core/Debugger.cs Line: 61)

<color=#0099bc><b>DOTWEEN ► </b></color>Target or field is missing/null (Void TryThrowEditorNullExceptionObject(UnityEngine.Object, System.String)) ► The object of type 'UnityEngine.RectTransform' has been destroyed but you are still trying to access it.
Your script should either check if it is null or you should not destroy the object.

  at UnityEngine.Object+MarshalledUnityObject.TryThrowEditorNullExceptionObject (UnityEngine.Object unityObj, System.String parameterName) [0x00065] in <2f52b751ded44e96b74c2c8a24c6c65b>:0 
  at UnityEngine.Bindings.ThrowHelper.ThrowNullReferenceException (System.Object obj) [0x0000a] in <2f52b751ded44e96b74c2c8a24c6c65b>:0 
  at UnityEngine.Transform.set_localScale (UnityEngine.Vector3 value) [0x00006] in <2f52b751ded44e96b74c2c8a24c6c65b>:0 
  at DG.Tweening.ShortcutExtensions+<>c__DisplayClass44_0.<DOScale>b__1 (UnityEngine.Vector3 x) [0x00000] in D:\DG\_Develop\__UNITY_ASSETS\_Demigiant\__DOTween\_DOTween.Assembly\DOTween\ShortcutExtensions.cs:621 
  at DG.Tweening.Plugins.Vector3Plugin.EvaluateAndApply (DG.Tweening.Plugins.Options.VectorOptions options, DG.Tweening.Tween t, System.Boolean isRelative, DG.Tweening.Core.DOGetter`1[T] getter, DG.Tweening.Core.DOSetter`1[T] setter, System.Single elapsed, UnityEngine.Vector3 startValue, UnityEngine.Vector3 changeValue, System.Single duration, System.Boolean usingInversePosition, System.Int32 newCompletedSteps, DG.Tweening.Core.Enums.UpdateNotice updateNotice) [0x0022b] in D:\DG\_Develop\__UNITY_ASSETS\_Demigiant\__DOTween\_DOTween.Assembly\DOTween\Plugins\Vector3Plugin.cs:159 
  at DG.Tweening.Core.TweenerCore`3[T1,T2,TPlugOptions].ApplyTween (System.Single prevPosition, System.Int32 prevCompletedLoops, System.Int32 newCompletedSteps, System.Boolean useInversePosition, DG.Tweening.Core.Enums.UpdateMode updateMode, DG.Tweening.Core.Enums.UpdateNotice updateNotice) [0x00030] in D:\DG\_Develop\__UNITY_ASSETS\_Demigiant\__DOTween\_DOTween.Assembly\DOTween\Core\TweenerCore.cs:261 

UnityEngine.Debug:ExtractStackTraceNoAlloc (byte*,int,string)
UnityEngine.StackTraceUtility:ExtractStackTrace ()
UnityEngine.DebugLogHandler:Internal_Log (UnityEngine.LogType,UnityEngine.LogOption,string,UnityEngine.Object)
UnityEngine.DebugLogHandler:LogFormat (UnityEngine.LogType,UnityEngine.Object,string,object[])
UnityEngine.Logger:Log (UnityEngine.LogType,object)
UnityEngine.Debug:LogWarning (object)
DG.Tweening.Core.Debugger:LogSafeModeCapturedError (object,DG.Tweening.Tween) (at D:/DG/_Develop/__UNITY_ASSETS/_Demigiant/__DOTween/_DOTween.Assembly/DOTween/Core/Debugger.cs:61)
DG.Tweening.Core.TweenerCore`3<UnityEngine.Vector3, UnityEngine.Vector3, DG.Tweening.Plugins.Options.VectorOptions>:ApplyTween (single,int,int,bool,DG.Tweening.Core.Enums.UpdateMode,DG.Tweening.Core.Enums.UpdateNotice) (at D:/DG/_Develop/__UNITY_ASSETS/_Demigiant/__DOTween/_DOTween.Assembly/DOTween/Core/TweenerCore.cs:265)
DG.Tweening.Tween:DoGoto (DG.Tweening.Tween,single,int,DG.Tweening.Core.Enums.UpdateMode) (at D:/DG/_Develop/__UNITY_ASSETS/_Demigiant/__DOTween/_DOTween.Assembly/DOTween/Tween.cs:266)
DG.Tweening.Core.TweenManager:Goto (DG.Tweening.Tween,single,bool,DG.Tweening.Core.Enums.UpdateMode) (at D:/DG/_Develop/__UNITY_ASSETS/_Demigiant/__DOTween/_DOTween.Assembly/DOTween/Core/TweenManager.cs:803)
DG.Tweening.Sequence:ApplyInternalCycle (DG.Tweening.Sequence,single,single,DG.Tweening.Core.Enums.UpdateMode,bool,bool,bool) (at D:/DG/_Develop/__UNITY_ASSETS/_Demigiant/__DOTween/_DOTween.Assembly/DOTween/Sequence.cs:369)
DG.Tweening.Sequence:DoApplyTween (DG.Tweening.Sequence,single,int,int,bool,DG.Tweening.Core.Enums.UpdateMode) (at D:/DG/_Develop/__UNITY_ASSETS/_Demigiant/__DOTween/_DOTween.Assembly/DOTween/Sequence.cs:252)
DG.Tweening.Sequence:ApplyTween (single,int,int,bool,DG.Tweening.Core.Enums.UpdateMode,DG.Tweening.Core.Enums.UpdateNotice) (at D:/DG/_Develop/__UNITY_ASSETS/_Demigiant/__DOTween/_DOTween.Assembly/DOTween/Sequence.cs:166)
DG.Tweening.Tween:DoGoto (DG.Tweening.Tween,single,int,DG.Tweening.Core.Enums.UpdateMode) (at D:/DG/_Develop/__UNITY_ASSETS/_Demigiant/__DOTween/_DOTween.Assembly/DOTween/Tween.cs:266)
DG.Tweening.Core.TweenManager:Update (DG.Tweening.Tween,single,single,bool) (at D:/DG/_Develop/__UNITY_ASSETS/_Demigiant/__DOTween/_DOTween.Assembly/DOTween/Core/TweenManager.cs:596)
DG.Tweening.Core.TweenManager:Update (DG.Tweening.UpdateType,single,single) (at D:/DG/_Develop/__UNITY_ASSETS/_Demigiant/__DOTween/_DOTween.Assembly/DOTween/Core/TweenManager.cs:444)
DG.Tweening.Core.DOTweenComponent:Update () (at D:/DG/_Develop/__UNITY_ASSETS/_Demigiant/__DOTween/_DOTween.Assembly/DOTween/Core/DOTweenComponent.cs:75)

(Filename: D:/DG/_Develop/__UNITY_ASSETS/_Demigiant/__DOTween/_DOTween.Assembly/DOTween/Core/Debugger.cs Line: 61)

<color=#0099bc><b>DOTWEEN ► </b></color>Target or field is missing/null (Void TryThrowEditorNullExceptionObject(UnityEngine.Object, System.String)) ► The object of type 'UnityEngine.RectTransform' has been destroyed but you are still trying to access it.
Your script should either check if it is null or you should not destroy the object.

  at UnityEngine.Object+MarshalledUnityObject.TryThrowEditorNullExceptionObject (UnityEngine.Object unityObj, System.String parameterName) [0x00065] in <2f52b751ded44e96b74c2c8a24c6c65b>:0 
  at UnityEngine.Bindings.ThrowHelper.ThrowNullReferenceException (System.Object obj) [0x0000a] in <2f52b751ded44e96b74c2c8a24c6c65b>:0 
  at UnityEngine.Transform.set_localScale (UnityEngine.Vector3 value) [0x00006] in <2f52b751ded44e96b74c2c8a24c6c65b>:0 
  at DG.Tweening.ShortcutExtensions+<>c__DisplayClass44_0.<DOScale>b__1 (UnityEngine.Vector3 x) [0x00000] in D:\DG\_Develop\__UNITY_ASSETS\_Demigiant\__DOTween\_DOTween.Assembly\DOTween\ShortcutExtensions.cs:621 
  at DG.Tweening.Plugins.Vector3Plugin.EvaluateAndApply (DG.Tweening.Plugins.Options.VectorOptions options, DG.Tweening.Tween t, System.Boolean isRelative, DG.Tweening.Core.DOGetter`1[T] getter, DG.Tweening.Core.DOSetter`1[T] setter, System.Single elapsed, UnityEngine.Vector3 startValue, UnityEngine.Vector3 changeValue, System.Single duration, System.Boolean usingInversePosition, System.Int32 newCompletedSteps, DG.Tweening.Core.Enums.UpdateNotice updateNotice) [0x0022b] in D:\DG\_Develop\__UNITY_ASSETS\_Demigiant\__DOTween\_DOTween.Assembly\DOTween\Plugins\Vector3Plugin.cs:159 
  at DG.Tweening.Core.TweenerCore`3[T1,T2,TPlugOptions].ApplyTween (System.Single prevPosition, System.Int32 prevCompletedLoops, System.Int32 newCompletedSteps, System.Boolean useInversePosition, DG.Tweening.Core.Enums.UpdateMode updateMode, DG.Tweening.Core.Enums.UpdateNotice updateNotice) [0x00030] in D:\DG\_Develop\__UNITY_ASSETS\_Demigiant\__DOTween\_DOTween.Assembly\DOTween\Core\TweenerCore.cs:261 

UnityEngine.Debug:ExtractStackTraceNoAlloc (byte*,int,string)
UnityEngine.StackTraceUtility:ExtractStackTrace ()
UnityEngine.DebugLogHandler:Internal_Log (UnityEngine.LogType,UnityEngine.LogOption,string,UnityEngine.Object)
UnityEngine.DebugLogHandler:LogFormat (UnityEngine.LogType,UnityEngine.Object,string,object[])
UnityEngine.Logger:Log (UnityEngine.LogType,object)
UnityEngine.Debug:LogWarning (object)
DG.Tweening.Core.Debugger:LogSafeModeCapturedError (object,DG.Tweening.Tween) (at D:/DG/_Develop/__UNITY_ASSETS/_Demigiant/__DOTween/_DOTween.Assembly/DOTween/Core/Debugger.cs:61)
DG.Tweening.Core.TweenerCore`3<UnityEngine.Vector3, UnityEngine.Vector3, DG.Tweening.Plugins.Options.VectorOptions>:ApplyTween (single,int,int,bool,DG.Tweening.Core.Enums.UpdateMode,DG.Tweening.Core.Enums.UpdateNotice) (at D:/DG/_Develop/__UNITY_ASSETS/_Demigiant/__DOTween/_DOTween.Assembly/DOTween/Core/TweenerCore.cs:265)
DG.Tweening.Tween:DoGoto (DG.Tweening.Tween,single,int,DG.Tweening.Core.Enums.UpdateMode) (at D:/DG/_Develop/__UNITY_ASSETS/_Demigiant/__DOTween/_DOTween.Assembly/DOTween/Tween.cs:266)
DG.Tweening.Core.TweenManager:Goto (DG.Tweening.Tween,single,bool,DG.Tweening.Core.Enums.UpdateMode) (at D:/DG/_Develop/__UNITY_ASSETS/_Demigiant/__DOTween/_DOTween.Assembly/DOTween/Core/TweenManager.cs:803)
DG.Tweening.Sequence:ApplyInternalCycle (DG.Tweening.Sequence,single,single,DG.Tweening.Core.Enums.UpdateMode,bool,bool,bool) (at D:/DG/_Develop/__UNITY_ASSETS/_Demigiant/__DOTween/_DOTween.Assembly/DOTween/Sequence.cs:369)
DG.Tweening.Sequence:DoApplyTween (DG.Tweening.Sequence,single,int,int,bool,DG.Tweening.Core.Enums.UpdateMode) (at D:/DG/_Develop/__UNITY_ASSETS/_Demigiant/__DOTween/_DOTween.Assembly/DOTween/Sequence.cs:252)
DG.Tweening.Sequence:ApplyTween (single,int,int,bool,DG.Tweening.Core.Enums.UpdateMode,DG.Tweening.Core.Enums.UpdateNotice) (at D:/DG/_Develop/__UNITY_ASSETS/_Demigiant/__DOTween/_DOTween.Assembly/DOTween/Sequence.cs:166)
DG.Tweening.Tween:DoGoto (DG.Tweening.Tween,single,int,DG.Tweening.Core.Enums.UpdateMode) (at D:/DG/_Develop/__UNITY_ASSETS/_Demigiant/__DOTween/_DOTween.Assembly/DOTween/Tween.cs:266)
DG.Tweening.Core.TweenManager:Update (DG.Tweening.Tween,single,single,bool) (at D:/DG/_Develop/__UNITY_ASSETS/_Demigiant/__DOTween/_DOTween.Assembly/DOTween/Core/TweenManager.cs:596)
DG.Tweening.Core.TweenManager:Update (DG.Tweening.UpdateType,single,single) (at D:/DG/_Develop/__UNITY_ASSETS/_Demigiant/__DOTween/_DOTween.Assembly/DOTween/Core/TweenManager.cs:444)
DG.Tweening.Core.DOTweenComponent:Update () (at D:/DG/_Develop/__UNITY_ASSETS/_Demigiant/__DOTween/_DOTween.Assembly/DOTween/Core/DOTweenComponent.cs:75)

(Filename: D:/DG/_Develop/__UNITY_ASSETS/_Demigiant/__DOTween/_DOTween.Assembly/DOTween/Core/Debugger.cs Line: 61)

<color=#0099bc><b>DOTWEEN ► </b></color>Target or field is missing/null (Void TryThrowEditorNullExceptionObject(UnityEngine.Object, System.String)) ► The object of type 'UnityEngine.RectTransform' has been destroyed but you are still trying to access it.
Your script should either check if it is null or you should not destroy the object.

  at UnityEngine.Object+MarshalledUnityObject.TryThrowEditorNullExceptionObject (UnityEngine.Object unityObj, System.String parameterName) [0x00065] in <2f52b751ded44e96b74c2c8a24c6c65b>:0 
  at UnityEngine.Bindings.ThrowHelper.ThrowNullReferenceException (System.Object obj) [0x0000a] in <2f52b751ded44e96b74c2c8a24c6c65b>:0 
  at UnityEngine.Transform.set_localScale (UnityEngine.Vector3 value) [0x00006] in <2f52b751ded44e96b74c2c8a24c6c65b>:0 
  at DG.Tweening.ShortcutExtensions+<>c__DisplayClass44_0.<DOScale>b__1 (UnityEngine.Vector3 x) [0x00000] in D:\DG\_Develop\__UNITY_ASSETS\_Demigiant\__DOTween\_DOTween.Assembly\DOTween\ShortcutExtensions.cs:621 
  at DG.Tweening.Plugins.Vector3Plugin.EvaluateAndApply (DG.Tweening.Plugins.Options.VectorOptions options, DG.Tweening.Tween t, System.Boolean isRelative, DG.Tweening.Core.DOGetter`1[T] getter, DG.Tweening.Core.DOSetter`1[T] setter, System.Single elapsed, UnityEngine.Vector3 startValue, UnityEngine.Vector3 changeValue, System.Single duration, System.Boolean usingInversePosition, System.Int32 newCompletedSteps, DG.Tweening.Core.Enums.UpdateNotice updateNotice) [0x0022b] in D:\DG\_Develop\__UNITY_ASSETS\_Demigiant\__DOTween\_DOTween.Assembly\DOTween\Plugins\Vector3Plugin.cs:159 
  at DG.Tweening.Core.TweenerCore`3[T1,T2,TPlugOptions].ApplyTween (System.Single prevPosition, System.Int32 prevCompletedLoops, System.Int32 newCompletedSteps, System.Boolean useInversePosition, DG.Tweening.Core.Enums.UpdateMode updateMode, DG.Tweening.Core.Enums.UpdateNotice updateNotice) [0x00030] in D:\DG\_Develop\__UNITY_ASSETS\_Demigiant\__DOTween\_DOTween.Assembly\DOTween\Core\TweenerCore.cs:261 

UnityEngine.Debug:ExtractStackTraceNoAlloc (byte*,int,string)
UnityEngine.StackTraceUtility:ExtractStackTrace ()
UnityEngine.DebugLogHandler:Internal_Log (UnityEngine.LogType,UnityEngine.LogOption,string,UnityEngine.Object)
UnityEngine.DebugLogHandler:LogFormat (UnityEngine.LogType,UnityEngine.Object,string,object[])
UnityEngine.Logger:Log (UnityEngine.LogType,object)
UnityEngine.Debug:LogWarning (object)
DG.Tweening.Core.Debugger:LogSafeModeCapturedError (object,DG.Tweening.Tween) (at D:/DG/_Develop/__UNITY_ASSETS/_Demigiant/__DOTween/_DOTween.Assembly/DOTween/Core/Debugger.cs:61)
DG.Tweening.Core.TweenerCore`3<UnityEngine.Vector3, UnityEngine.Vector3, DG.Tweening.Plugins.Options.VectorOptions>:ApplyTween (single,int,int,bool,DG.Tweening.Core.Enums.UpdateMode,DG.Tweening.Core.Enums.UpdateNotice) (at D:/DG/_Develop/__UNITY_ASSETS/_Demigiant/__DOTween/_DOTween.Assembly/DOTween/Core/TweenerCore.cs:265)
DG.Tweening.Tween:DoGoto (DG.Tweening.Tween,single,int,DG.Tweening.Core.Enums.UpdateMode) (at D:/DG/_Develop/__UNITY_ASSETS/_Demigiant/__DOTween/_DOTween.Assembly/DOTween/Tween.cs:266)
DG.Tweening.Core.TweenManager:Goto (DG.Tweening.Tween,single,bool,DG.Tweening.Core.Enums.UpdateMode) (at D:/DG/_Develop/__UNITY_ASSETS/_Demigiant/__DOTween/_DOTween.Assembly/DOTween/Core/TweenManager.cs:803)
DG.Tweening.Sequence:ApplyInternalCycle (DG.Tweening.Sequence,single,single,DG.Tweening.Core.Enums.UpdateMode,bool,bool,bool) (at D:/DG/_Develop/__UNITY_ASSETS/_Demigiant/__DOTween/_DOTween.Assembly/DOTween/Sequence.cs:369)
DG.Tweening.Sequence:DoApplyTween (DG.Tweening.Sequence,single,int,int,bool,DG.Tweening.Core.Enums.UpdateMode) (at D:/DG/_Develop/__UNITY_ASSETS/_Demigiant/__DOTween/_DOTween.Assembly/DOTween/Sequence.cs:252)
DG.Tweening.Sequence:ApplyTween (single,int,int,bool,DG.Tweening.Core.Enums.UpdateMode,DG.Tweening.Core.Enums.UpdateNotice) (at D:/DG/_Develop/__UNITY_ASSETS/_Demigiant/__DOTween/_DOTween.Assembly/DOTween/Sequence.cs:166)
DG.Tweening.Tween:DoGoto (DG.Tweening.Tween,single,int,DG.Tweening.Core.Enums.UpdateMode) (at D:/DG/_Develop/__UNITY_ASSETS/_Demigiant/__DOTween/_DOTween.Assembly/DOTween/Tween.cs:266)
DG.Tweening.Core.TweenManager:Update (DG.Tweening.Tween,single,single,bool) (at D:/DG/_Develop/__UNITY_ASSETS/_Demigiant/__DOTween/_DOTween.Assembly/DOTween/Core/TweenManager.cs:596)
DG.Tweening.Core.TweenManager:Update (DG.Tweening.UpdateType,single,single) (at D:/DG/_Develop/__UNITY_ASSETS/_Demigiant/__DOTween/_DOTween.Assembly/DOTween/Core/TweenManager.cs:444)
DG.Tweening.Core.DOTweenComponent:Update () (at D:/DG/_Develop/__UNITY_ASSETS/_Demigiant/__DOTween/_DOTween.Assembly/DOTween/Core/DOTweenComponent.cs:75)

(Filename: D:/DG/_Develop/__UNITY_ASSETS/_Demigiant/__DOTween/_DOTween.Assembly/DOTween/Core/Debugger.cs Line: 61)

<color=#0099bc><b>DOTWEEN ► </b></color>Target or field is missing/null (Void TryThrowEditorNullExceptionObject(UnityEngine.Object, System.String)) ► The object of type 'UnityEngine.RectTransform' has been destroyed but you are still trying to access it.
Your script should either check if it is null or you should not destroy the object.

  at UnityEngine.Object+MarshalledUnityObject.TryThrowEditorNullExceptionObject (UnityEngine.Object unityObj, System.String parameterName) [0x00065] in <2f52b751ded44e96b74c2c8a24c6c65b>:0 
  at UnityEngine.Bindings.ThrowHelper.ThrowNullReferenceException (System.Object obj) [0x0000a] in <2f52b751ded44e96b74c2c8a24c6c65b>:0 
  at UnityEngine.Transform.set_localScale (UnityEngine.Vector3 value) [0x00006] in <2f52b751ded44e96b74c2c8a24c6c65b>:0 
  at DG.Tweening.ShortcutExtensions+<>c__DisplayClass44_0.<DOScale>b__1 (UnityEngine.Vector3 x) [0x00000] in D:\DG\_Develop\__UNITY_ASSETS\_Demigiant\__DOTween\_DOTween.Assembly\DOTween\ShortcutExtensions.cs:621 
  at DG.Tweening.Plugins.Vector3Plugin.EvaluateAndApply (DG.Tweening.Plugins.Options.VectorOptions options, DG.Tweening.Tween t, System.Boolean isRelative, DG.Tweening.Core.DOGetter`1[T] getter, DG.Tweening.Core.DOSetter`1[T] setter, System.Single elapsed, UnityEngine.Vector3 startValue, UnityEngine.Vector3 changeValue, System.Single duration, System.Boolean usingInversePosition, System.Int32 newCompletedSteps, DG.Tweening.Core.Enums.UpdateNotice updateNotice) [0x0022b] in D:\DG\_Develop\__UNITY_ASSETS\_Demigiant\__DOTween\_DOTween.Assembly\DOTween\Plugins\Vector3Plugin.cs:159 
  at DG.Tweening.Core.TweenerCore`3[T1,T2,TPlugOptions].ApplyTween (System.Single prevPosition, System.Int32 prevCompletedLoops, System.Int32 newCompletedSteps, System.Boolean useInversePosition, DG.Tweening.Core.Enums.UpdateMode updateMode, DG.Tweening.Core.Enums.UpdateNotice updateNotice) [0x00030] in D:\DG\_Develop\__UNITY_ASSETS\_Demigiant\__DOTween\_DOTween.Assembly\DOTween\Core\TweenerCore.cs:261 

UnityEngine.Debug:ExtractStackTraceNoAlloc (byte*,int,string)
UnityEngine.StackTraceUtility:ExtractStackTrace ()
UnityEngine.DebugLogHandler:Internal_Log (UnityEngine.LogType,UnityEngine.LogOption,string,UnityEngine.Object)
UnityEngine.DebugLogHandler:LogFormat (UnityEngine.LogType,UnityEngine.Object,string,object[])
UnityEngine.Logger:Log (UnityEngine.LogType,object)
UnityEngine.Debug:LogWarning (object)
DG.Tweening.Core.Debugger:LogSafeModeCapturedError (object,DG.Tweening.Tween) (at D:/DG/_Develop/__UNITY_ASSETS/_Demigiant/__DOTween/_DOTween.Assembly/DOTween/Core/Debugger.cs:61)
DG.Tweening.Core.TweenerCore`3<UnityEngine.Vector3, UnityEngine.Vector3, DG.Tweening.Plugins.Options.VectorOptions>:ApplyTween (single,int,int,bool,DG.Tweening.Core.Enums.UpdateMode,DG.Tweening.Core.Enums.UpdateNotice) (at D:/DG/_Develop/__UNITY_ASSETS/_Demigiant/__DOTween/_DOTween.Assembly/DOTween/Core/TweenerCore.cs:265)
DG.Tweening.Tween:DoGoto (DG.Tweening.Tween,single,int,DG.Tweening.Core.Enums.UpdateMode) (at D:/DG/_Develop/__UNITY_ASSETS/_Demigiant/__DOTween/_DOTween.Assembly/DOTween/Tween.cs:266)
DG.Tweening.Core.TweenManager:Goto (DG.Tweening.Tween,single,bool,DG.Tweening.Core.Enums.UpdateMode) (at D:/DG/_Develop/__UNITY_ASSETS/_Demigiant/__DOTween/_DOTween.Assembly/DOTween/Core/TweenManager.cs:803)
DG.Tweening.Sequence:ApplyInternalCycle (DG.Tweening.Sequence,single,single,DG.Tweening.Core.Enums.UpdateMode,bool,bool,bool) (at D:/DG/_Develop/__UNITY_ASSETS/_Demigiant/__DOTween/_DOTween.Assembly/DOTween/Sequence.cs:369)
DG.Tweening.Sequence:DoApplyTween (DG.Tweening.Sequence,single,int,int,bool,DG.Tweening.Core.Enums.UpdateMode) (at D:/DG/_Develop/__UNITY_ASSETS/_Demigiant/__DOTween/_DOTween.Assembly/DOTween/Sequence.cs:252)
DG.Tweening.Sequence:ApplyTween (single,int,int,bool,DG.Tweening.Core.Enums.UpdateMode,DG.Tweening.Core.Enums.UpdateNotice) (at D:/DG/_Develop/__UNITY_ASSETS/_Demigiant/__DOTween/_DOTween.Assembly/DOTween/Sequence.cs:166)
DG.Tweening.Tween:DoGoto (DG.Tweening.Tween,single,int,DG.Tweening.Core.Enums.UpdateMode) (at D:/DG/_Develop/__UNITY_ASSETS/_Demigiant/__DOTween/_DOTween.Assembly/DOTween/Tween.cs:266)
DG.Tweening.Core.TweenManager:Update (DG.Tweening.Tween,single,single,bool) (at D:/DG/_Develop/__UNITY_ASSETS/_Demigiant/__DOTween/_DOTween.Assembly/DOTween/Core/TweenManager.cs:596)
DG.Tweening.Core.TweenManager:Update (DG.Tweening.UpdateType,single,single) (at D:/DG/_Develop/__UNITY_ASSETS/_Demigiant/__DOTween/_DOTween.Assembly/DOTween/Core/TweenManager.cs:444)
DG.Tweening.Core.DOTweenComponent:Update () (at D:/DG/_Develop/__UNITY_ASSETS/_Demigiant/__DOTween/_DOTween.Assembly/DOTween/Core/DOTweenComponent.cs:75)

(Filename: D:/DG/_Develop/__UNITY_ASSETS/_Demigiant/__DOTween/_DOTween.Assembly/DOTween/Core/Debugger.cs Line: 61)

<color=#0099bc><b>DOTWEEN ► </b></color>Target or field is missing/null (Void TryThrowEditorNullExceptionObject(UnityEngine.Object, System.String)) ► The object of type 'UnityEngine.RectTransform' has been destroyed but you are still trying to access it.
Your script should either check if it is null or you should not destroy the object.

  at UnityEngine.Object+MarshalledUnityObject.TryThrowEditorNullExceptionObject (UnityEngine.Object unityObj, System.String parameterName) [0x00065] in <2f52b751ded44e96b74c2c8a24c6c65b>:0 
  at UnityEngine.Bindings.ThrowHelper.ThrowNullReferenceException (System.Object obj) [0x0000a] in <2f52b751ded44e96b74c2c8a24c6c65b>:0 
  at UnityEngine.Transform.set_localScale (UnityEngine.Vector3 value) [0x00006] in <2f52b751ded44e96b74c2c8a24c6c65b>:0 
  at DG.Tweening.ShortcutExtensions+<>c__DisplayClass44_0.<DOScale>b__1 (UnityEngine.Vector3 x) [0x00000] in D:\DG\_Develop\__UNITY_ASSETS\_Demigiant\__DOTween\_DOTween.Assembly\DOTween\ShortcutExtensions.cs:621 
  at DG.Tweening.Plugins.Vector3Plugin.EvaluateAndApply (DG.Tweening.Plugins.Options.VectorOptions options, DG.Tweening.Tween t, System.Boolean isRelative, DG.Tweening.Core.DOGetter`1[T] getter, DG.Tweening.Core.DOSetter`1[T] setter, System.Single elapsed, UnityEngine.Vector3 startValue, UnityEngine.Vector3 changeValue, System.Single duration, System.Boolean usingInversePosition, System.Int32 newCompletedSteps, DG.Tweening.Core.Enums.UpdateNotice updateNotice) [0x0022b] in D:\DG\_Develop\__UNITY_ASSETS\_Demigiant\__DOTween\_DOTween.Assembly\DOTween\Plugins\Vector3Plugin.cs:159 
  at DG.Tweening.Core.TweenerCore`3[T1,T2,TPlugOptions].ApplyTween (System.Single prevPosition, System.Int32 prevCompletedLoops, System.Int32 newCompletedSteps, System.Boolean useInversePosition, DG.Tweening.Core.Enums.UpdateMode updateMode, DG.Tweening.Core.Enums.UpdateNotice updateNotice) [0x00030] in D:\DG\_Develop\__UNITY_ASSETS\_Demigiant\__DOTween\_DOTween.Assembly\DOTween\Core\TweenerCore.cs:261 

UnityEngine.Debug:ExtractStackTraceNoAlloc (byte*,int,string)
UnityEngine.StackTraceUtility:ExtractStackTrace ()
UnityEngine.DebugLogHandler:Internal_Log (UnityEngine.LogType,UnityEngine.LogOption,string,UnityEngine.Object)
UnityEngine.DebugLogHandler:LogFormat (UnityEngine.LogType,UnityEngine.Object,string,object[])
UnityEngine.Logger:Log (UnityEngine.LogType,object)
UnityEngine.Debug:LogWarning (object)
DG.Tweening.Core.Debugger:LogSafeModeCapturedError (object,DG.Tweening.Tween) (at D:/DG/_Develop/__UNITY_ASSETS/_Demigiant/__DOTween/_DOTween.Assembly/DOTween/Core/Debugger.cs:61)
DG.Tweening.Core.TweenerCore`3<UnityEngine.Vector3, UnityEngine.Vector3, DG.Tweening.Plugins.Options.VectorOptions>:ApplyTween (single,int,int,bool,DG.Tweening.Core.Enums.UpdateMode,DG.Tweening.Core.Enums.UpdateNotice) (at D:/DG/_Develop/__UNITY_ASSETS/_Demigiant/__DOTween/_DOTween.Assembly/DOTween/Core/TweenerCore.cs:265)
DG.Tweening.Tween:DoGoto (DG.Tweening.Tween,single,int,DG.Tweening.Core.Enums.UpdateMode) (at D:/DG/_Develop/__UNITY_ASSETS/_Demigiant/__DOTween/_DOTween.Assembly/DOTween/Tween.cs:266)
DG.Tweening.Core.TweenManager:Goto (DG.Tweening.Tween,single,bool,DG.Tweening.Core.Enums.UpdateMode) (at D:/DG/_Develop/__UNITY_ASSETS/_Demigiant/__DOTween/_DOTween.Assembly/DOTween/Core/TweenManager.cs:803)
DG.Tweening.Sequence:ApplyInternalCycle (DG.Tweening.Sequence,single,single,DG.Tweening.Core.Enums.UpdateMode,bool,bool,bool) (at D:/DG/_Develop/__UNITY_ASSETS/_Demigiant/__DOTween/_DOTween.Assembly/DOTween/Sequence.cs:369)
DG.Tweening.Sequence:DoApplyTween (DG.Tweening.Sequence,single,int,int,bool,DG.Tweening.Core.Enums.UpdateMode) (at D:/DG/_Develop/__UNITY_ASSETS/_Demigiant/__DOTween/_DOTween.Assembly/DOTween/Sequence.cs:252)
DG.Tweening.Sequence:ApplyTween (single,int,int,bool,DG.Tweening.Core.Enums.UpdateMode,DG.Tweening.Core.Enums.UpdateNotice) (at D:/DG/_Develop/__UNITY_ASSETS/_Demigiant/__DOTween/_DOTween.Assembly/DOTween/Sequence.cs:166)
DG.Tweening.Tween:DoGoto (DG.Tweening.Tween,single,int,DG.Tweening.Core.Enums.UpdateMode) (at D:/DG/_Develop/__UNITY_ASSETS/_Demigiant/__DOTween/_DOTween.Assembly/DOTween/Tween.cs:266)
DG.Tweening.Core.TweenManager:Update (DG.Tweening.Tween,single,single,bool) (at D:/DG/_Develop/__UNITY_ASSETS/_Demigiant/__DOTween/_DOTween.Assembly/DOTween/Core/TweenManager.cs:596)
DG.Tweening.Core.TweenManager:Update (DG.Tweening.UpdateType,single,single) (at D:/DG/_Develop/__UNITY_ASSETS/_Demigiant/__DOTween/_DOTween.Assembly/DOTween/Core/TweenManager.cs:444)
DG.Tweening.Core.DOTweenComponent:Update () (at D:/DG/_Develop/__UNITY_ASSETS/_Demigiant/__DOTween/_DOTween.Assembly/DOTween/Core/DOTweenComponent.cs:75)

(Filename: D:/DG/_Develop/__UNITY_ASSETS/_Demigiant/__DOTween/_DOTween.Assembly/DOTween/Core/Debugger.cs Line: 61)

<color=#0099bc><b>DOTWEEN ► </b></color>Target or field is missing/null (Void TryThrowEditorNullExceptionObject(UnityEngine.Object, System.String)) ► The object of type 'UnityEngine.RectTransform' has been destroyed but you are still trying to access it.
Your script should either check if it is null or you should not destroy the object.

  at UnityEngine.Object+MarshalledUnityObject.TryThrowEditorNullExceptionObject (UnityEngine.Object unityObj, System.String parameterName) [0x00065] in <2f52b751ded44e96b74c2c8a24c6c65b>:0 
  at UnityEngine.Bindings.ThrowHelper.ThrowNullReferenceException (System.Object obj) [0x0000a] in <2f52b751ded44e96b74c2c8a24c6c65b>:0 
  at UnityEngine.Transform.set_localScale (UnityEngine.Vector3 value) [0x00006] in <2f52b751ded44e96b74c2c8a24c6c65b>:0 
  at DG.Tweening.ShortcutExtensions+<>c__DisplayClass44_0.<DOScale>b__1 (UnityEngine.Vector3 x) [0x00000] in D:\DG\_Develop\__UNITY_ASSETS\_Demigiant\__DOTween\_DOTween.Assembly\DOTween\ShortcutExtensions.cs:621 
  at DG.Tweening.Plugins.Vector3Plugin.EvaluateAndApply (DG.Tweening.Plugins.Options.VectorOptions options, DG.Tweening.Tween t, System.Boolean isRelative, DG.Tweening.Core.DOGetter`1[T] getter, DG.Tweening.Core.DOSetter`1[T] setter, System.Single elapsed, UnityEngine.Vector3 startValue, UnityEngine.Vector3 changeValue, System.Single duration, System.Boolean usingInversePosition, System.Int32 newCompletedSteps, DG.Tweening.Core.Enums.UpdateNotice updateNotice) [0x0022b] in D:\DG\_Develop\__UNITY_ASSETS\_Demigiant\__DOTween\_DOTween.Assembly\DOTween\Plugins\Vector3Plugin.cs:159 
  at DG.Tweening.Core.TweenerCore`3[T1,T2,TPlugOptions].ApplyTween (System.Single prevPosition, System.Int32 prevCompletedLoops, System.Int32 newCompletedSteps, System.Boolean useInversePosition, DG.Tweening.Core.Enums.UpdateMode updateMode, DG.Tweening.Core.Enums.UpdateNotice updateNotice) [0x00030] in D:\DG\_Develop\__UNITY_ASSETS\_Demigiant\__DOTween\_DOTween.Assembly\DOTween\Core\TweenerCore.cs:261 

UnityEngine.Debug:ExtractStackTraceNoAlloc (byte*,int,string)
UnityEngine.StackTraceUtility:ExtractStackTrace ()
UnityEngine.DebugLogHandler:Internal_Log (UnityEngine.LogType,UnityEngine.LogOption,string,UnityEngine.Object)
UnityEngine.DebugLogHandler:LogFormat (UnityEngine.LogType,UnityEngine.Object,string,object[])
UnityEngine.Logger:Log (UnityEngine.LogType,object)
UnityEngine.Debug:LogWarning (object)
DG.Tweening.Core.Debugger:LogSafeModeCapturedError (object,DG.Tweening.Tween) (at D:/DG/_Develop/__UNITY_ASSETS/_Demigiant/__DOTween/_DOTween.Assembly/DOTween/Core/Debugger.cs:61)
DG.Tweening.Core.TweenerCore`3<UnityEngine.Vector3, UnityEngine.Vector3, DG.Tweening.Plugins.Options.VectorOptions>:ApplyTween (single,int,int,bool,DG.Tweening.Core.Enums.UpdateMode,DG.Tweening.Core.Enums.UpdateNotice) (at D:/DG/_Develop/__UNITY_ASSETS/_Demigiant/__DOTween/_DOTween.Assembly/DOTween/Core/TweenerCore.cs:265)
DG.Tweening.Tween:DoGoto (DG.Tweening.Tween,single,int,DG.Tweening.Core.Enums.UpdateMode) (at D:/DG/_Develop/__UNITY_ASSETS/_Demigiant/__DOTween/_DOTween.Assembly/DOTween/Tween.cs:266)
DG.Tweening.Core.TweenManager:Goto (DG.Tweening.Tween,single,bool,DG.Tweening.Core.Enums.UpdateMode) (at D:/DG/_Develop/__UNITY_ASSETS/_Demigiant/__DOTween/_DOTween.Assembly/DOTween/Core/TweenManager.cs:803)
DG.Tweening.Sequence:ApplyInternalCycle (DG.Tweening.Sequence,single,single,DG.Tweening.Core.Enums.UpdateMode,bool,bool,bool) (at D:/DG/_Develop/__UNITY_ASSETS/_Demigiant/__DOTween/_DOTween.Assembly/DOTween/Sequence.cs:369)
DG.Tweening.Sequence:DoApplyTween (DG.Tweening.Sequence,single,int,int,bool,DG.Tweening.Core.Enums.UpdateMode) (at D:/DG/_Develop/__UNITY_ASSETS/_Demigiant/__DOTween/_DOTween.Assembly/DOTween/Sequence.cs:252)
DG.Tweening.Sequence:ApplyTween (single,int,int,bool,DG.Tweening.Core.Enums.UpdateMode,DG.Tweening.Core.Enums.UpdateNotice) (at D:/DG/_Develop/__UNITY_ASSETS/_Demigiant/__DOTween/_DOTween.Assembly/DOTween/Sequence.cs:166)
DG.Tweening.Tween:DoGoto (DG.Tweening.Tween,single,int,DG.Tweening.Core.Enums.UpdateMode) (at D:/DG/_Develop/__UNITY_ASSETS/_Demigiant/__DOTween/_DOTween.Assembly/DOTween/Tween.cs:266)
DG.Tweening.Core.TweenManager:Update (DG.Tweening.Tween,single,single,bool) (at D:/DG/_Develop/__UNITY_ASSETS/_Demigiant/__DOTween/_DOTween.Assembly/DOTween/Core/TweenManager.cs:596)
DG.Tweening.Core.TweenManager:Update (DG.Tweening.UpdateType,single,single) (at D:/DG/_Develop/__UNITY_ASSETS/_Demigiant/__DOTween/_DOTween.Assembly/DOTween/Core/TweenManager.cs:444)
DG.Tweening.Core.DOTweenComponent:Update () (at D:/DG/_Develop/__UNITY_ASSETS/_Demigiant/__DOTween/_DOTween.Assembly/DOTween/Core/DOTweenComponent.cs:75)

(Filename: D:/DG/_Develop/__UNITY_ASSETS/_Demigiant/__DOTween/_DOTween.Assembly/DOTween/Core/Debugger.cs Line: 61)

<color=#0099bc><b>DOTWEEN ► </b></color>Target or field is missing/null (Void TryThrowEditorNullExceptionObject(UnityEngine.Object, System.String)) ► The object of type 'UnityEngine.RectTransform' has been destroyed but you are still trying to access it.
Your script should either check if it is null or you should not destroy the object.

  at UnityEngine.Object+MarshalledUnityObject.TryThrowEditorNullExceptionObject (UnityEngine.Object unityObj, System.String parameterName) [0x00065] in <2f52b751ded44e96b74c2c8a24c6c65b>:0 
  at UnityEngine.Bindings.ThrowHelper.ThrowNullReferenceException (System.Object obj) [0x0000a] in <2f52b751ded44e96b74c2c8a24c6c65b>:0 
  at UnityEngine.Transform.set_localScale (UnityEngine.Vector3 value) [0x00006] in <2f52b751ded44e96b74c2c8a24c6c65b>:0 
  at DG.Tweening.ShortcutExtensions+<>c__DisplayClass44_0.<DOScale>b__1 (UnityEngine.Vector3 x) [0x00000] in D:\DG\_Develop\__UNITY_ASSETS\_Demigiant\__DOTween\_DOTween.Assembly\DOTween\ShortcutExtensions.cs:621 
  at DG.Tweening.Plugins.Vector3Plugin.EvaluateAndApply (DG.Tweening.Plugins.Options.VectorOptions options, DG.Tweening.Tween t, System.Boolean isRelative, DG.Tweening.Core.DOGetter`1[T] getter, DG.Tweening.Core.DOSetter`1[T] setter, System.Single elapsed, UnityEngine.Vector3 startValue, UnityEngine.Vector3 changeValue, System.Single duration, System.Boolean usingInversePosition, System.Int32 newCompletedSteps, DG.Tweening.Core.Enums.UpdateNotice updateNotice) [0x0022b] in D:\DG\_Develop\__UNITY_ASSETS\_Demigiant\__DOTween\_DOTween.Assembly\DOTween\Plugins\Vector3Plugin.cs:159 
  at DG.Tweening.Core.TweenerCore`3[T1,T2,TPlugOptions].ApplyTween (System.Single prevPosition, System.Int32 prevCompletedLoops, System.Int32 newCompletedSteps, System.Boolean useInversePosition, DG.Tweening.Core.Enums.UpdateMode updateMode, DG.Tweening.Core.Enums.UpdateNotice updateNotice) [0x00030] in D:\DG\_Develop\__UNITY_ASSETS\_Demigiant\__DOTween\_DOTween.Assembly\DOTween\Core\TweenerCore.cs:261 

UnityEngine.Debug:ExtractStackTraceNoAlloc (byte*,int,string)
UnityEngine.StackTraceUtility:ExtractStackTrace ()
UnityEngine.DebugLogHandler:Internal_Log (UnityEngine.LogType,UnityEngine.LogOption,string,UnityEngine.Object)
UnityEngine.DebugLogHandler:LogFormat (UnityEngine.LogType,UnityEngine.Object,string,object[])
UnityEngine.Logger:Log (UnityEngine.LogType,object)
UnityEngine.Debug:LogWarning (object)
DG.Tweening.Core.Debugger:LogSafeModeCapturedError (object,DG.Tweening.Tween) (at D:/DG/_Develop/__UNITY_ASSETS/_Demigiant/__DOTween/_DOTween.Assembly/DOTween/Core/Debugger.cs:61)
DG.Tweening.Core.TweenerCore`3<UnityEngine.Vector3, UnityEngine.Vector3, DG.Tweening.Plugins.Options.VectorOptions>:ApplyTween (single,int,int,bool,DG.Tweening.Core.Enums.UpdateMode,DG.Tweening.Core.Enums.UpdateNotice) (at D:/DG/_Develop/__UNITY_ASSETS/_Demigiant/__DOTween/_DOTween.Assembly/DOTween/Core/TweenerCore.cs:265)
DG.Tweening.Tween:DoGoto (DG.Tweening.Tween,single,int,DG.Tweening.Core.Enums.UpdateMode) (at D:/DG/_Develop/__UNITY_ASSETS/_Demigiant/__DOTween/_DOTween.Assembly/DOTween/Tween.cs:266)
DG.Tweening.Core.TweenManager:Goto (DG.Tweening.Tween,single,bool,DG.Tweening.Core.Enums.UpdateMode) (at D:/DG/_Develop/__UNITY_ASSETS/_Demigiant/__DOTween/_DOTween.Assembly/DOTween/Core/TweenManager.cs:803)
DG.Tweening.Sequence:ApplyInternalCycle (DG.Tweening.Sequence,single,single,DG.Tweening.Core.Enums.UpdateMode,bool,bool,bool) (at D:/DG/_Develop/__UNITY_ASSETS/_Demigiant/__DOTween/_DOTween.Assembly/DOTween/Sequence.cs:369)
DG.Tweening.Sequence:DoApplyTween (DG.Tweening.Sequence,single,int,int,bool,DG.Tweening.Core.Enums.UpdateMode) (at D:/DG/_Develop/__UNITY_ASSETS/_Demigiant/__DOTween/_DOTween.Assembly/DOTween/Sequence.cs:252)
DG.Tweening.Sequence:ApplyTween (single,int,int,bool,DG.Tweening.Core.Enums.UpdateMode,DG.Tweening.Core.Enums.UpdateNotice) (at D:/DG/_Develop/__UNITY_ASSETS/_Demigiant/__DOTween/_DOTween.Assembly/DOTween/Sequence.cs:166)
DG.Tweening.Tween:DoGoto (DG.Tweening.Tween,single,int,DG.Tweening.Core.Enums.UpdateMode) (at D:/DG/_Develop/__UNITY_ASSETS/_Demigiant/__DOTween/_DOTween.Assembly/DOTween/Tween.cs:266)
DG.Tweening.Core.TweenManager:Update (DG.Tweening.Tween,single,single,bool) (at D:/DG/_Develop/__UNITY_ASSETS/_Demigiant/__DOTween/_DOTween.Assembly/DOTween/Core/TweenManager.cs:596)
DG.Tweening.Core.TweenManager:Update (DG.Tweening.UpdateType,single,single) (at D:/DG/_Develop/__UNITY_ASSETS/_Demigiant/__DOTween/_DOTween.Assembly/DOTween/Core/TweenManager.cs:444)
DG.Tweening.Core.DOTweenComponent:Update () (at D:/DG/_Develop/__UNITY_ASSETS/_Demigiant/__DOTween/_DOTween.Assembly/DOTween/Core/DOTweenComponent.cs:75)

(Filename: D:/DG/_Develop/__UNITY_ASSETS/_Demigiant/__DOTween/_DOTween.Assembly/DOTween/Core/Debugger.cs Line: 61)

<color=#0099bc><b>DOTWEEN ► </b></color>Target or field is missing/null (Void TryThrowEditorNullExceptionObject(UnityEngine.Object, System.String)) ► The object of type 'UnityEngine.RectTransform' has been destroyed but you are still trying to access it.
Your script should either check if it is null or you should not destroy the object.

  at UnityEngine.Object+MarshalledUnityObject.TryThrowEditorNullExceptionObject (UnityEngine.Object unityObj, System.String parameterName) [0x00065] in <2f52b751ded44e96b74c2c8a24c6c65b>:0 
  at UnityEngine.Bindings.ThrowHelper.ThrowNullReferenceException (System.Object obj) [0x0000a] in <2f52b751ded44e96b74c2c8a24c6c65b>:0 
  at UnityEngine.Transform.set_localScale (UnityEngine.Vector3 value) [0x00006] in <2f52b751ded44e96b74c2c8a24c6c65b>:0 
  at DG.Tweening.ShortcutExtensions+<>c__DisplayClass44_0.<DOScale>b__1 (UnityEngine.Vector3 x) [0x00000] in D:\DG\_Develop\__UNITY_ASSETS\_Demigiant\__DOTween\_DOTween.Assembly\DOTween\ShortcutExtensions.cs:621 
  at DG.Tweening.Plugins.Vector3Plugin.EvaluateAndApply (DG.Tweening.Plugins.Options.VectorOptions options, DG.Tweening.Tween t, System.Boolean isRelative, DG.Tweening.Core.DOGetter`1[T] getter, DG.Tweening.Core.DOSetter`1[T] setter, System.Single elapsed, UnityEngine.Vector3 startValue, UnityEngine.Vector3 changeValue, System.Single duration, System.Boolean usingInversePosition, System.Int32 newCompletedSteps, DG.Tweening.Core.Enums.UpdateNotice updateNotice) [0x0022b] in D:\DG\_Develop\__UNITY_ASSETS\_Demigiant\__DOTween\_DOTween.Assembly\DOTween\Plugins\Vector3Plugin.cs:159 
  at DG.Tweening.Core.TweenerCore`3[T1,T2,TPlugOptions].ApplyTween (System.Single prevPosition, System.Int32 prevCompletedLoops, System.Int32 newCompletedSteps, System.Boolean useInversePosition, DG.Tweening.Core.Enums.UpdateMode updateMode, DG.Tweening.Core.Enums.UpdateNotice updateNotice) [0x00030] in D:\DG\_Develop\__UNITY_ASSETS\_Demigiant\__DOTween\_DOTween.Assembly\DOTween\Core\TweenerCore.cs:261 

UnityEngine.Debug:ExtractStackTraceNoAlloc (byte*,int,string)
UnityEngine.StackTraceUtility:ExtractStackTrace ()
UnityEngine.DebugLogHandler:Internal_Log (UnityEngine.LogType,UnityEngine.LogOption,string,UnityEngine.Object)
UnityEngine.DebugLogHandler:LogFormat (UnityEngine.LogType,UnityEngine.Object,string,object[])
UnityEngine.Logger:Log (UnityEngine.LogType,object)
UnityEngine.Debug:LogWarning (object)
DG.Tweening.Core.Debugger:LogSafeModeCapturedError (object,DG.Tweening.Tween) (at D:/DG/_Develop/__UNITY_ASSETS/_Demigiant/__DOTween/_DOTween.Assembly/DOTween/Core/Debugger.cs:61)
DG.Tweening.Core.TweenerCore`3<UnityEngine.Vector3, UnityEngine.Vector3, DG.Tweening.Plugins.Options.VectorOptions>:ApplyTween (single,int,int,bool,DG.Tweening.Core.Enums.UpdateMode,DG.Tweening.Core.Enums.UpdateNotice) (at D:/DG/_Develop/__UNITY_ASSETS/_Demigiant/__DOTween/_DOTween.Assembly/DOTween/Core/TweenerCore.cs:265)
DG.Tweening.Tween:DoGoto (DG.Tweening.Tween,single,int,DG.Tweening.Core.Enums.UpdateMode) (at D:/DG/_Develop/__UNITY_ASSETS/_Demigiant/__DOTween/_DOTween.Assembly/DOTween/Tween.cs:266)
DG.Tweening.Core.TweenManager:Goto (DG.Tweening.Tween,single,bool,DG.Tweening.Core.Enums.UpdateMode) (at D:/DG/_Develop/__UNITY_ASSETS/_Demigiant/__DOTween/_DOTween.Assembly/DOTween/Core/TweenManager.cs:803)
DG.Tweening.Sequence:ApplyInternalCycle (DG.Tweening.Sequence,single,single,DG.Tweening.Core.Enums.UpdateMode,bool,bool,bool) (at D:/DG/_Develop/__UNITY_ASSETS/_Demigiant/__DOTween/_DOTween.Assembly/DOTween/Sequence.cs:369)
DG.Tweening.Sequence:DoApplyTween (DG.Tweening.Sequence,single,int,int,bool,DG.Tweening.Core.Enums.UpdateMode) (at D:/DG/_Develop/__UNITY_ASSETS/_Demigiant/__DOTween/_DOTween.Assembly/DOTween/Sequence.cs:252)
DG.Tweening.Sequence:ApplyTween (single,int,int,bool,DG.Tweening.Core.Enums.UpdateMode,DG.Tweening.Core.Enums.UpdateNotice) (at D:/DG/_Develop/__UNITY_ASSETS/_Demigiant/__DOTween/_DOTween.Assembly/DOTween/Sequence.cs:166)
DG.Tweening.Tween:DoGoto (DG.Tweening.Tween,single,int,DG.Tweening.Core.Enums.UpdateMode) (at D:/DG/_Develop/__UNITY_ASSETS/_Demigiant/__DOTween/_DOTween.Assembly/DOTween/Tween.cs:266)
DG.Tweening.Core.TweenManager:Update (DG.Tweening.Tween,single,single,bool) (at D:/DG/_Develop/__UNITY_ASSETS/_Demigiant/__DOTween/_DOTween.Assembly/DOTween/Core/TweenManager.cs:596)
DG.Tweening.Core.TweenManager:Update (DG.Tweening.UpdateType,single,single) (at D:/DG/_Develop/__UNITY_ASSETS/_Demigiant/__DOTween/_DOTween.Assembly/DOTween/Core/TweenManager.cs:444)
DG.Tweening.Core.DOTweenComponent:Update () (at D:/DG/_Develop/__UNITY_ASSETS/_Demigiant/__DOTween/_DOTween.Assembly/DOTween/Core/DOTweenComponent.cs:75)

(Filename: D:/DG/_Develop/__UNITY_ASSETS/_Demigiant/__DOTween/_DOTween.Assembly/DOTween/Core/Debugger.cs Line: 61)

<color=#0099bc><b>DOTWEEN ► </b></color>Target or field is missing/null (Void TryThrowEditorNullExceptionObject(UnityEngine.Object, System.String)) ► The object of type 'UnityEngine.RectTransform' has been destroyed but you are still trying to access it.
Your script should either check if it is null or you should not destroy the object.

  at UnityEngine.Object+MarshalledUnityObject.TryThrowEditorNullExceptionObject (UnityEngine.Object unityObj, System.String parameterName) [0x00065] in <2f52b751ded44e96b74c2c8a24c6c65b>:0 
  at UnityEngine.Bindings.ThrowHelper.ThrowNullReferenceException (System.Object obj) [0x0000a] in <2f52b751ded44e96b74c2c8a24c6c65b>:0 
  at UnityEngine.Transform.set_localScale (UnityEngine.Vector3 value) [0x00006] in <2f52b751ded44e96b74c2c8a24c6c65b>:0 
  at DG.Tweening.ShortcutExtensions+<>c__DisplayClass44_0.<DOScale>b__1 (UnityEngine.Vector3 x) [0x00000] in D:\DG\_Develop\__UNITY_ASSETS\_Demigiant\__DOTween\_DOTween.Assembly\DOTween\ShortcutExtensions.cs:621 
  at DG.Tweening.Plugins.Vector3Plugin.EvaluateAndApply (DG.Tweening.Plugins.Options.VectorOptions options, DG.Tweening.Tween t, System.Boolean isRelative, DG.Tweening.Core.DOGetter`1[T] getter, DG.Tweening.Core.DOSetter`1[T] setter, System.Single elapsed, UnityEngine.Vector3 startValue, UnityEngine.Vector3 changeValue, System.Single duration, System.Boolean usingInversePosition, System.Int32 newCompletedSteps, DG.Tweening.Core.Enums.UpdateNotice updateNotice) [0x0022b] in D:\DG\_Develop\__UNITY_ASSETS\_Demigiant\__DOTween\_DOTween.Assembly\DOTween\Plugins\Vector3Plugin.cs:159 
  at DG.Tweening.Core.TweenerCore`3[T1,T2,TPlugOptions].ApplyTween (System.Single prevPosition, System.Int32 prevCompletedLoops, System.Int32 newCompletedSteps, System.Boolean useInversePosition, DG.Tweening.Core.Enums.UpdateMode updateMode, DG.Tweening.Core.Enums.UpdateNotice updateNotice) [0x00030] in D:\DG\_Develop\__UNITY_ASSETS\_Demigiant\__DOTween\_DOTween.Assembly\DOTween\Core\TweenerCore.cs:261 

UnityEngine.Debug:ExtractStackTraceNoAlloc (byte*,int,string)
UnityEngine.StackTraceUtility:ExtractStackTrace ()
UnityEngine.DebugLogHandler:Internal_Log (UnityEngine.LogType,UnityEngine.LogOption,string,UnityEngine.Object)
UnityEngine.DebugLogHandler:LogFormat (UnityEngine.LogType,UnityEngine.Object,string,object[])
UnityEngine.Logger:Log (UnityEngine.LogType,object)
UnityEngine.Debug:LogWarning (object)
DG.Tweening.Core.Debugger:LogSafeModeCapturedError (object,DG.Tweening.Tween) (at D:/DG/_Develop/__UNITY_ASSETS/_Demigiant/__DOTween/_DOTween.Assembly/DOTween/Core/Debugger.cs:61)
DG.Tweening.Core.TweenerCore`3<UnityEngine.Vector3, UnityEngine.Vector3, DG.Tweening.Plugins.Options.VectorOptions>:ApplyTween (single,int,int,bool,DG.Tweening.Core.Enums.UpdateMode,DG.Tweening.Core.Enums.UpdateNotice) (at D:/DG/_Develop/__UNITY_ASSETS/_Demigiant/__DOTween/_DOTween.Assembly/DOTween/Core/TweenerCore.cs:265)
DG.Tweening.Tween:DoGoto (DG.Tweening.Tween,single,int,DG.Tweening.Core.Enums.UpdateMode) (at D:/DG/_Develop/__UNITY_ASSETS/_Demigiant/__DOTween/_DOTween.Assembly/DOTween/Tween.cs:266)
DG.Tweening.Core.TweenManager:Goto (DG.Tweening.Tween,single,bool,DG.Tweening.Core.Enums.UpdateMode) (at D:/DG/_Develop/__UNITY_ASSETS/_Demigiant/__DOTween/_DOTween.Assembly/DOTween/Core/TweenManager.cs:803)
DG.Tweening.Sequence:ApplyInternalCycle (DG.Tweening.Sequence,single,single,DG.Tweening.Core.Enums.UpdateMode,bool,bool,bool) (at D:/DG/_Develop/__UNITY_ASSETS/_Demigiant/__DOTween/_DOTween.Assembly/DOTween/Sequence.cs:369)
DG.Tweening.Sequence:DoApplyTween (DG.Tweening.Sequence,single,int,int,bool,DG.Tweening.Core.Enums.UpdateMode) (at D:/DG/_Develop/__UNITY_ASSETS/_Demigiant/__DOTween/_DOTween.Assembly/DOTween/Sequence.cs:252)
DG.Tweening.Sequence:ApplyTween (single,int,int,bool,DG.Tweening.Core.Enums.UpdateMode,DG.Tweening.Core.Enums.UpdateNotice) (at D:/DG/_Develop/__UNITY_ASSETS/_Demigiant/__DOTween/_DOTween.Assembly/DOTween/Sequence.cs:166)
DG.Tweening.Tween:DoGoto (DG.Tweening.Tween,single,int,DG.Tweening.Core.Enums.UpdateMode) (at D:/DG/_Develop/__UNITY_ASSETS/_Demigiant/__DOTween/_DOTween.Assembly/DOTween/Tween.cs:266)
DG.Tweening.Core.TweenManager:Update (DG.Tweening.Tween,single,single,bool) (at D:/DG/_Develop/__UNITY_ASSETS/_Demigiant/__DOTween/_DOTween.Assembly/DOTween/Core/TweenManager.cs:596)
DG.Tweening.Core.TweenManager:Update (DG.Tweening.UpdateType,single,single) (at D:/DG/_Develop/__UNITY_ASSETS/_Demigiant/__DOTween/_DOTween.Assembly/DOTween/Core/TweenManager.cs:444)
DG.Tweening.Core.DOTweenComponent:Update () (at D:/DG/_Develop/__UNITY_ASSETS/_Demigiant/__DOTween/_DOTween.Assembly/DOTween/Core/DOTweenComponent.cs:75)

(Filename: D:/DG/_Develop/__UNITY_ASSETS/_Demigiant/__DOTween/_DOTween.Assembly/DOTween/Core/Debugger.cs Line: 61)

<color=#0099bc><b>DOTWEEN ► </b></color>Target or field is missing/null (Void TryThrowEditorNullExceptionObject(UnityEngine.Object, System.String)) ► The object of type 'UnityEngine.RectTransform' has been destroyed but you are still trying to access it.
Your script should either check if it is null or you should not destroy the object.

  at UnityEngine.Object+MarshalledUnityObject.TryThrowEditorNullExceptionObject (UnityEngine.Object unityObj, System.String parameterName) [0x00065] in <2f52b751ded44e96b74c2c8a24c6c65b>:0 
  at UnityEngine.Bindings.ThrowHelper.ThrowNullReferenceException (System.Object obj) [0x0000a] in <2f52b751ded44e96b74c2c8a24c6c65b>:0 
  at UnityEngine.Transform.set_localScale (UnityEngine.Vector3 value) [0x00006] in <2f52b751ded44e96b74c2c8a24c6c65b>:0 
  at DG.Tweening.ShortcutExtensions+<>c__DisplayClass44_0.<DOScale>b__1 (UnityEngine.Vector3 x) [0x00000] in D:\DG\_Develop\__UNITY_ASSETS\_Demigiant\__DOTween\_DOTween.Assembly\DOTween\ShortcutExtensions.cs:621 
  at DG.Tweening.Plugins.Vector3Plugin.EvaluateAndApply (DG.Tweening.Plugins.Options.VectorOptions options, DG.Tweening.Tween t, System.Boolean isRelative, DG.Tweening.Core.DOGetter`1[T] getter, DG.Tweening.Core.DOSetter`1[T] setter, System.Single elapsed, UnityEngine.Vector3 startValue, UnityEngine.Vector3 changeValue, System.Single duration, System.Boolean usingInversePosition, System.Int32 newCompletedSteps, DG.Tweening.Core.Enums.UpdateNotice updateNotice) [0x0022b] in D:\DG\_Develop\__UNITY_ASSETS\_Demigiant\__DOTween\_DOTween.Assembly\DOTween\Plugins\Vector3Plugin.cs:159 
  at DG.Tweening.Core.TweenerCore`3[T1,T2,TPlugOptions].ApplyTween (System.Single prevPosition, System.Int32 prevCompletedLoops, System.Int32 newCompletedSteps, System.Boolean useInversePosition, DG.Tweening.Core.Enums.UpdateMode updateMode, DG.Tweening.Core.Enums.UpdateNotice updateNotice) [0x00030] in D:\DG\_Develop\__UNITY_ASSETS\_Demigiant\__DOTween\_DOTween.Assembly\DOTween\Core\TweenerCore.cs:261 

UnityEngine.Debug:ExtractStackTraceNoAlloc (byte*,int,string)
UnityEngine.StackTraceUtility:ExtractStackTrace ()
UnityEngine.DebugLogHandler:Internal_Log (UnityEngine.LogType,UnityEngine.LogOption,string,UnityEngine.Object)
UnityEngine.DebugLogHandler:LogFormat (UnityEngine.LogType,UnityEngine.Object,string,object[])
UnityEngine.Logger:Log (UnityEngine.LogType,object)
UnityEngine.Debug:LogWarning (object)
DG.Tweening.Core.Debugger:LogSafeModeCapturedError (object,DG.Tweening.Tween) (at D:/DG/_Develop/__UNITY_ASSETS/_Demigiant/__DOTween/_DOTween.Assembly/DOTween/Core/Debugger.cs:61)
DG.Tweening.Core.TweenerCore`3<UnityEngine.Vector3, UnityEngine.Vector3, DG.Tweening.Plugins.Options.VectorOptions>:ApplyTween (single,int,int,bool,DG.Tweening.Core.Enums.UpdateMode,DG.Tweening.Core.Enums.UpdateNotice) (at D:/DG/_Develop/__UNITY_ASSETS/_Demigiant/__DOTween/_DOTween.Assembly/DOTween/Core/TweenerCore.cs:265)
DG.Tweening.Tween:DoGoto (DG.Tweening.Tween,single,int,DG.Tweening.Core.Enums.UpdateMode) (at D:/DG/_Develop/__UNITY_ASSETS/_Demigiant/__DOTween/_DOTween.Assembly/DOTween/Tween.cs:266)
DG.Tweening.Core.TweenManager:Goto (DG.Tweening.Tween,single,bool,DG.Tweening.Core.Enums.UpdateMode) (at D:/DG/_Develop/__UNITY_ASSETS/_Demigiant/__DOTween/_DOTween.Assembly/DOTween/Core/TweenManager.cs:803)
DG.Tweening.Sequence:ApplyInternalCycle (DG.Tweening.Sequence,single,single,DG.Tweening.Core.Enums.UpdateMode,bool,bool,bool) (at D:/DG/_Develop/__UNITY_ASSETS/_Demigiant/__DOTween/_DOTween.Assembly/DOTween/Sequence.cs:369)
DG.Tweening.Sequence:DoApplyTween (DG.Tweening.Sequence,single,int,int,bool,DG.Tweening.Core.Enums.UpdateMode) (at D:/DG/_Develop/__UNITY_ASSETS/_Demigiant/__DOTween/_DOTween.Assembly/DOTween/Sequence.cs:252)
DG.Tweening.Sequence:ApplyTween (single,int,int,bool,DG.Tweening.Core.Enums.UpdateMode,DG.Tweening.Core.Enums.UpdateNotice) (at D:/DG/_Develop/__UNITY_ASSETS/_Demigiant/__DOTween/_DOTween.Assembly/DOTween/Sequence.cs:166)
DG.Tweening.Tween:DoGoto (DG.Tweening.Tween,single,int,DG.Tweening.Core.Enums.UpdateMode) (at D:/DG/_Develop/__UNITY_ASSETS/_Demigiant/__DOTween/_DOTween.Assembly/DOTween/Tween.cs:266)
DG.Tweening.Core.TweenManager:Update (DG.Tweening.Tween,single,single,bool) (at D:/DG/_Develop/__UNITY_ASSETS/_Demigiant/__DOTween/_DOTween.Assembly/DOTween/Core/TweenManager.cs:596)
DG.Tweening.Core.TweenManager:Update (DG.Tweening.UpdateType,single,single) (at D:/DG/_Develop/__UNITY_ASSETS/_Demigiant/__DOTween/_DOTween.Assembly/DOTween/Core/TweenManager.cs:444)
DG.Tweening.Core.DOTweenComponent:Update () (at D:/DG/_Develop/__UNITY_ASSETS/_Demigiant/__DOTween/_DOTween.Assembly/DOTween/Core/DOTweenComponent.cs:75)

(Filename: D:/DG/_Develop/__UNITY_ASSETS/_Demigiant/__DOTween/_DOTween.Assembly/DOTween/Core/Debugger.cs Line: 61)

<color=#0099bc><b>DOTWEEN ► </b></color>Target or field is missing/null (Void TryThrowEditorNullExceptionObject(UnityEngine.Object, System.String)) ► The object of type 'UnityEngine.RectTransform' has been destroyed but you are still trying to access it.
Your script should either check if it is null or you should not destroy the object.

  at UnityEngine.Object+MarshalledUnityObject.TryThrowEditorNullExceptionObject (UnityEngine.Object unityObj, System.String parameterName) [0x00065] in <2f52b751ded44e96b74c2c8a24c6c65b>:0 
  at UnityEngine.Bindings.ThrowHelper.ThrowNullReferenceException (System.Object obj) [0x0000a] in <2f52b751ded44e96b74c2c8a24c6c65b>:0 
  at UnityEngine.Transform.set_localScale (UnityEngine.Vector3 value) [0x00006] in <2f52b751ded44e96b74c2c8a24c6c65b>:0 
  at DG.Tweening.ShortcutExtensions+<>c__DisplayClass44_0.<DOScale>b__1 (UnityEngine.Vector3 x) [0x00000] in D:\DG\_Develop\__UNITY_ASSETS\_Demigiant\__DOTween\_DOTween.Assembly\DOTween\ShortcutExtensions.cs:621 
  at DG.Tweening.Plugins.Vector3Plugin.EvaluateAndApply (DG.Tweening.Plugins.Options.VectorOptions options, DG.Tweening.Tween t, System.Boolean isRelative, DG.Tweening.Core.DOGetter`1[T] getter, DG.Tweening.Core.DOSetter`1[T] setter, System.Single elapsed, UnityEngine.Vector3 startValue, UnityEngine.Vector3 changeValue, System.Single duration, System.Boolean usingInversePosition, System.Int32 newCompletedSteps, DG.Tweening.Core.Enums.UpdateNotice updateNotice) [0x0022b] in D:\DG\_Develop\__UNITY_ASSETS\_Demigiant\__DOTween\_DOTween.Assembly\DOTween\Plugins\Vector3Plugin.cs:159 
  at DG.Tweening.Core.TweenerCore`3[T1,T2,TPlugOptions].ApplyTween (System.Single prevPosition, System.Int32 prevCompletedLoops, System.Int32 newCompletedSteps, System.Boolean useInversePosition, DG.Tweening.Core.Enums.UpdateMode updateMode, DG.Tweening.Core.Enums.UpdateNotice updateNotice) [0x00030] in D:\DG\_Develop\__UNITY_ASSETS\_Demigiant\__DOTween\_DOTween.Assembly\DOTween\Core\TweenerCore.cs:261 

UnityEngine.Debug:ExtractStackTraceNoAlloc (byte*,int,string)
UnityEngine.StackTraceUtility:ExtractStackTrace ()
UnityEngine.DebugLogHandler:Internal_Log (UnityEngine.LogType,UnityEngine.LogOption,string,UnityEngine.Object)
UnityEngine.DebugLogHandler:LogFormat (UnityEngine.LogType,UnityEngine.Object,string,object[])
UnityEngine.Logger:Log (UnityEngine.LogType,object)
UnityEngine.Debug:LogWarning (object)
DG.Tweening.Core.Debugger:LogSafeModeCapturedError (object,DG.Tweening.Tween) (at D:/DG/_Develop/__UNITY_ASSETS/_Demigiant/__DOTween/_DOTween.Assembly/DOTween/Core/Debugger.cs:61)
DG.Tweening.Core.TweenerCore`3<UnityEngine.Vector3, UnityEngine.Vector3, DG.Tweening.Plugins.Options.VectorOptions>:ApplyTween (single,int,int,bool,DG.Tweening.Core.Enums.UpdateMode,DG.Tweening.Core.Enums.UpdateNotice) (at D:/DG/_Develop/__UNITY_ASSETS/_Demigiant/__DOTween/_DOTween.Assembly/DOTween/Core/TweenerCore.cs:265)
DG.Tweening.Tween:DoGoto (DG.Tweening.Tween,single,int,DG.Tweening.Core.Enums.UpdateMode) (at D:/DG/_Develop/__UNITY_ASSETS/_Demigiant/__DOTween/_DOTween.Assembly/DOTween/Tween.cs:266)
DG.Tweening.Core.TweenManager:Goto (DG.Tweening.Tween,single,bool,DG.Tweening.Core.Enums.UpdateMode) (at D:/DG/_Develop/__UNITY_ASSETS/_Demigiant/__DOTween/_DOTween.Assembly/DOTween/Core/TweenManager.cs:803)
DG.Tweening.Sequence:ApplyInternalCycle (DG.Tweening.Sequence,single,single,DG.Tweening.Core.Enums.UpdateMode,bool,bool,bool) (at D:/DG/_Develop/__UNITY_ASSETS/_Demigiant/__DOTween/_DOTween.Assembly/DOTween/Sequence.cs:369)
DG.Tweening.Sequence:DoApplyTween (DG.Tweening.Sequence,single,int,int,bool,DG.Tweening.Core.Enums.UpdateMode) (at D:/DG/_Develop/__UNITY_ASSETS/_Demigiant/__DOTween/_DOTween.Assembly/DOTween/Sequence.cs:252)
DG.Tweening.Sequence:ApplyTween (single,int,int,bool,DG.Tweening.Core.Enums.UpdateMode,DG.Tweening.Core.Enums.UpdateNotice) (at D:/DG/_Develop/__UNITY_ASSETS/_Demigiant/__DOTween/_DOTween.Assembly/DOTween/Sequence.cs:166)
DG.Tweening.Tween:DoGoto (DG.Tweening.Tween,single,int,DG.Tweening.Core.Enums.UpdateMode) (at D:/DG/_Develop/__UNITY_ASSETS/_Demigiant/__DOTween/_DOTween.Assembly/DOTween/Tween.cs:266)
DG.Tweening.Core.TweenManager:Update (DG.Tweening.Tween,single,single,bool) (at D:/DG/_Develop/__UNITY_ASSETS/_Demigiant/__DOTween/_DOTween.Assembly/DOTween/Core/TweenManager.cs:596)
DG.Tweening.Core.TweenManager:Update (DG.Tweening.UpdateType,single,single) (at D:/DG/_Develop/__UNITY_ASSETS/_Demigiant/__DOTween/_DOTween.Assembly/DOTween/Core/TweenManager.cs:444)
DG.Tweening.Core.DOTweenComponent:Update () (at D:/DG/_Develop/__UNITY_ASSETS/_Demigiant/__DOTween/_DOTween.Assembly/DOTween/Core/DOTweenComponent.cs:75)

(Filename: D:/DG/_Develop/__UNITY_ASSETS/_Demigiant/__DOTween/_DOTween.Assembly/DOTween/Core/Debugger.cs Line: 61)

<color=#0099bc><b>DOTWEEN ► </b></color>Target or field is missing/null (Void TryThrowEditorNullExceptionObject(UnityEngine.Object, System.String)) ► The object of type 'UnityEngine.RectTransform' has been destroyed but you are still trying to access it.
Your script should either check if it is null or you should not destroy the object.

  at UnityEngine.Object+MarshalledUnityObject.TryThrowEditorNullExceptionObject (UnityEngine.Object unityObj, System.String parameterName) [0x00065] in <2f52b751ded44e96b74c2c8a24c6c65b>:0 
  at UnityEngine.Bindings.ThrowHelper.ThrowNullReferenceException (System.Object obj) [0x0000a] in <2f52b751ded44e96b74c2c8a24c6c65b>:0 
  at UnityEngine.Transform.set_localScale (UnityEngine.Vector3 value) [0x00006] in <2f52b751ded44e96b74c2c8a24c6c65b>:0 
  at DG.Tweening.ShortcutExtensions+<>c__DisplayClass44_0.<DOScale>b__1 (UnityEngine.Vector3 x) [0x00000] in D:\DG\_Develop\__UNITY_ASSETS\_Demigiant\__DOTween\_DOTween.Assembly\DOTween\ShortcutExtensions.cs:621 
  at DG.Tweening.Plugins.Vector3Plugin.EvaluateAndApply (DG.Tweening.Plugins.Options.VectorOptions options, DG.Tweening.Tween t, System.Boolean isRelative, DG.Tweening.Core.DOGetter`1[T] getter, DG.Tweening.Core.DOSetter`1[T] setter, System.Single elapsed, UnityEngine.Vector3 startValue, UnityEngine.Vector3 changeValue, System.Single duration, System.Boolean usingInversePosition, System.Int32 newCompletedSteps, DG.Tweening.Core.Enums.UpdateNotice updateNotice) [0x0022b] in D:\DG\_Develop\__UNITY_ASSETS\_Demigiant\__DOTween\_DOTween.Assembly\DOTween\Plugins\Vector3Plugin.cs:159 
  at DG.Tweening.Core.TweenerCore`3[T1,T2,TPlugOptions].ApplyTween (System.Single prevPosition, System.Int32 prevCompletedLoops, System.Int32 newCompletedSteps, System.Boolean useInversePosition, DG.Tweening.Core.Enums.UpdateMode updateMode, DG.Tweening.Core.Enums.UpdateNotice updateNotice) [0x00030] in D:\DG\_Develop\__UNITY_ASSETS\_Demigiant\__DOTween\_DOTween.Assembly\DOTween\Core\TweenerCore.cs:261 

UnityEngine.Debug:ExtractStackTraceNoAlloc (byte*,int,string)
UnityEngine.StackTraceUtility:ExtractStackTrace ()
UnityEngine.DebugLogHandler:Internal_Log (UnityEngine.LogType,UnityEngine.LogOption,string,UnityEngine.Object)
UnityEngine.DebugLogHandler:LogFormat (UnityEngine.LogType,UnityEngine.Object,string,object[])
UnityEngine.Logger:Log (UnityEngine.LogType,object)
UnityEngine.Debug:LogWarning (object)
DG.Tweening.Core.Debugger:LogSafeModeCapturedError (object,DG.Tweening.Tween) (at D:/DG/_Develop/__UNITY_ASSETS/_Demigiant/__DOTween/_DOTween.Assembly/DOTween/Core/Debugger.cs:61)
DG.Tweening.Core.TweenerCore`3<UnityEngine.Vector3, UnityEngine.Vector3, DG.Tweening.Plugins.Options.VectorOptions>:ApplyTween (single,int,int,bool,DG.Tweening.Core.Enums.UpdateMode,DG.Tweening.Core.Enums.UpdateNotice) (at D:/DG/_Develop/__UNITY_ASSETS/_Demigiant/__DOTween/_DOTween.Assembly/DOTween/Core/TweenerCore.cs:265)
DG.Tweening.Tween:DoGoto (DG.Tweening.Tween,single,int,DG.Tweening.Core.Enums.UpdateMode) (at D:/DG/_Develop/__UNITY_ASSETS/_Demigiant/__DOTween/_DOTween.Assembly/DOTween/Tween.cs:266)
DG.Tweening.Core.TweenManager:Goto (DG.Tweening.Tween,single,bool,DG.Tweening.Core.Enums.UpdateMode) (at D:/DG/_Develop/__UNITY_ASSETS/_Demigiant/__DOTween/_DOTween.Assembly/DOTween/Core/TweenManager.cs:803)
DG.Tweening.Sequence:ApplyInternalCycle (DG.Tweening.Sequence,single,single,DG.Tweening.Core.Enums.UpdateMode,bool,bool,bool) (at D:/DG/_Develop/__UNITY_ASSETS/_Demigiant/__DOTween/_DOTween.Assembly/DOTween/Sequence.cs:369)
DG.Tweening.Sequence:DoApplyTween (DG.Tweening.Sequence,single,int,int,bool,DG.Tweening.Core.Enums.UpdateMode) (at D:/DG/_Develop/__UNITY_ASSETS/_Demigiant/__DOTween/_DOTween.Assembly/DOTween/Sequence.cs:252)
DG.Tweening.Sequence:ApplyTween (single,int,int,bool,DG.Tweening.Core.Enums.UpdateMode,DG.Tweening.Core.Enums.UpdateNotice) (at D:/DG/_Develop/__UNITY_ASSETS/_Demigiant/__DOTween/_DOTween.Assembly/DOTween/Sequence.cs:166)
DG.Tweening.Tween:DoGoto (DG.Tweening.Tween,single,int,DG.Tweening.Core.Enums.UpdateMode) (at D:/DG/_Develop/__UNITY_ASSETS/_Demigiant/__DOTween/_DOTween.Assembly/DOTween/Tween.cs:266)
DG.Tweening.Core.TweenManager:Update (DG.Tweening.Tween,single,single,bool) (at D:/DG/_Develop/__UNITY_ASSETS/_Demigiant/__DOTween/_DOTween.Assembly/DOTween/Core/TweenManager.cs:596)
DG.Tweening.Core.TweenManager:Update (DG.Tweening.UpdateType,single,single) (at D:/DG/_Develop/__UNITY_ASSETS/_Demigiant/__DOTween/_DOTween.Assembly/DOTween/Core/TweenManager.cs:444)
DG.Tweening.Core.DOTweenComponent:Update () (at D:/DG/_Develop/__UNITY_ASSETS/_Demigiant/__DOTween/_DOTween.Assembly/DOTween/Core/DOTweenComponent.cs:75)

(Filename: D:/DG/_Develop/__UNITY_ASSETS/_Demigiant/__DOTween/_DOTween.Assembly/DOTween/Core/Debugger.cs Line: 61)

<color=#0099bc><b>DOTWEEN ► </b></color>Target or field is missing/null (Void TryThrowEditorNullExceptionObject(UnityEngine.Object, System.String)) ► The object of type 'UnityEngine.RectTransform' has been destroyed but you are still trying to access it.
Your script should either check if it is null or you should not destroy the object.

  at UnityEngine.Object+MarshalledUnityObject.TryThrowEditorNullExceptionObject (UnityEngine.Object unityObj, System.String parameterName) [0x00065] in <2f52b751ded44e96b74c2c8a24c6c65b>:0 
  at UnityEngine.Bindings.ThrowHelper.ThrowNullReferenceException (System.Object obj) [0x0000a] in <2f52b751ded44e96b74c2c8a24c6c65b>:0 
  at UnityEngine.Transform.set_localScale (UnityEngine.Vector3 value) [0x00006] in <2f52b751ded44e96b74c2c8a24c6c65b>:0 
  at DG.Tweening.ShortcutExtensions+<>c__DisplayClass44_0.<DOScale>b__1 (UnityEngine.Vector3 x) [0x00000] in D:\DG\_Develop\__UNITY_ASSETS\_Demigiant\__DOTween\_DOTween.Assembly\DOTween\ShortcutExtensions.cs:621 
  at DG.Tweening.Plugins.Vector3Plugin.EvaluateAndApply (DG.Tweening.Plugins.Options.VectorOptions options, DG.Tweening.Tween t, System.Boolean isRelative, DG.Tweening.Core.DOGetter`1[T] getter, DG.Tweening.Core.DOSetter`1[T] setter, System.Single elapsed, UnityEngine.Vector3 startValue, UnityEngine.Vector3 changeValue, System.Single duration, System.Boolean usingInversePosition, System.Int32 newCompletedSteps, DG.Tweening.Core.Enums.UpdateNotice updateNotice) [0x0022b] in D:\DG\_Develop\__UNITY_ASSETS\_Demigiant\__DOTween\_DOTween.Assembly\DOTween\Plugins\Vector3Plugin.cs:159 
  at DG.Tweening.Core.TweenerCore`3[T1,T2,TPlugOptions].ApplyTween (System.Single prevPosition, System.Int32 prevCompletedLoops, System.Int32 newCompletedSteps, System.Boolean useInversePosition, DG.Tweening.Core.Enums.UpdateMode updateMode, DG.Tweening.Core.Enums.UpdateNotice updateNotice) [0x00030] in D:\DG\_Develop\__UNITY_ASSETS\_Demigiant\__DOTween\_DOTween.Assembly\DOTween\Core\TweenerCore.cs:261 

UnityEngine.Debug:ExtractStackTraceNoAlloc (byte*,int,string)
UnityEngine.StackTraceUtility:ExtractStackTrace ()
UnityEngine.DebugLogHandler:Internal_Log (UnityEngine.LogType,UnityEngine.LogOption,string,UnityEngine.Object)
UnityEngine.DebugLogHandler:LogFormat (UnityEngine.LogType,UnityEngine.Object,string,object[])
UnityEngine.Logger:Log (UnityEngine.LogType,object)
UnityEngine.Debug:LogWarning (object)
DG.Tweening.Core.Debugger:LogSafeModeCapturedError (object,DG.Tweening.Tween) (at D:/DG/_Develop/__UNITY_ASSETS/_Demigiant/__DOTween/_DOTween.Assembly/DOTween/Core/Debugger.cs:61)
DG.Tweening.Core.TweenerCore`3<UnityEngine.Vector3, UnityEngine.Vector3, DG.Tweening.Plugins.Options.VectorOptions>:ApplyTween (single,int,int,bool,DG.Tweening.Core.Enums.UpdateMode,DG.Tweening.Core.Enums.UpdateNotice) (at D:/DG/_Develop/__UNITY_ASSETS/_Demigiant/__DOTween/_DOTween.Assembly/DOTween/Core/TweenerCore.cs:265)
DG.Tweening.Tween:DoGoto (DG.Tweening.Tween,single,int,DG.Tweening.Core.Enums.UpdateMode) (at D:/DG/_Develop/__UNITY_ASSETS/_Demigiant/__DOTween/_DOTween.Assembly/DOTween/Tween.cs:266)
DG.Tweening.Core.TweenManager:Goto (DG.Tweening.Tween,single,bool,DG.Tweening.Core.Enums.UpdateMode) (at D:/DG/_Develop/__UNITY_ASSETS/_Demigiant/__DOTween/_DOTween.Assembly/DOTween/Core/TweenManager.cs:803)
DG.Tweening.Sequence:ApplyInternalCycle (DG.Tweening.Sequence,single,single,DG.Tweening.Core.Enums.UpdateMode,bool,bool,bool) (at D:/DG/_Develop/__UNITY_ASSETS/_Demigiant/__DOTween/_DOTween.Assembly/DOTween/Sequence.cs:369)
DG.Tweening.Sequence:DoApplyTween (DG.Tweening.Sequence,single,int,int,bool,DG.Tweening.Core.Enums.UpdateMode) (at D:/DG/_Develop/__UNITY_ASSETS/_Demigiant/__DOTween/_DOTween.Assembly/DOTween/Sequence.cs:252)
DG.Tweening.Sequence:ApplyTween (single,int,int,bool,DG.Tweening.Core.Enums.UpdateMode,DG.Tweening.Core.Enums.UpdateNotice) (at D:/DG/_Develop/__UNITY_ASSETS/_Demigiant/__DOTween/_DOTween.Assembly/DOTween/Sequence.cs:166)
DG.Tweening.Tween:DoGoto (DG.Tweening.Tween,single,int,DG.Tweening.Core.Enums.UpdateMode) (at D:/DG/_Develop/__UNITY_ASSETS/_Demigiant/__DOTween/_DOTween.Assembly/DOTween/Tween.cs:266)
DG.Tweening.Core.TweenManager:Update (DG.Tweening.Tween,single,single,bool) (at D:/DG/_Develop/__UNITY_ASSETS/_Demigiant/__DOTween/_DOTween.Assembly/DOTween/Core/TweenManager.cs:596)
DG.Tweening.Core.TweenManager:Update (DG.Tweening.UpdateType,single,single) (at D:/DG/_Develop/__UNITY_ASSETS/_Demigiant/__DOTween/_DOTween.Assembly/DOTween/Core/TweenManager.cs:444)
DG.Tweening.Core.DOTweenComponent:Update () (at D:/DG/_Develop/__UNITY_ASSETS/_Demigiant/__DOTween/_DOTween.Assembly/DOTween/Core/DOTweenComponent.cs:75)

(Filename: D:/DG/_Develop/__UNITY_ASSETS/_Demigiant/__DOTween/_DOTween.Assembly/DOTween/Core/Debugger.cs Line: 61)

<color=#0099bc><b>DOTWEEN ► </b></color>Target or field is missing/null (Void TryThrowEditorNullExceptionObject(UnityEngine.Object, System.String)) ► The object of type 'UnityEngine.RectTransform' has been destroyed but you are still trying to access it.
Your script should either check if it is null or you should not destroy the object.

  at UnityEngine.Object+MarshalledUnityObject.TryThrowEditorNullExceptionObject (UnityEngine.Object unityObj, System.String parameterName) [0x00065] in <2f52b751ded44e96b74c2c8a24c6c65b>:0 
  at UnityEngine.Bindings.ThrowHelper.ThrowNullReferenceException (System.Object obj) [0x0000a] in <2f52b751ded44e96b74c2c8a24c6c65b>:0 
  at UnityEngine.Transform.set_localScale (UnityEngine.Vector3 value) [0x00006] in <2f52b751ded44e96b74c2c8a24c6c65b>:0 
  at DG.Tweening.ShortcutExtensions+<>c__DisplayClass44_0.<DOScale>b__1 (UnityEngine.Vector3 x) [0x00000] in D:\DG\_Develop\__UNITY_ASSETS\_Demigiant\__DOTween\_DOTween.Assembly\DOTween\ShortcutExtensions.cs:621 
  at DG.Tweening.Plugins.Vector3Plugin.EvaluateAndApply (DG.Tweening.Plugins.Options.VectorOptions options, DG.Tweening.Tween t, System.Boolean isRelative, DG.Tweening.Core.DOGetter`1[T] getter, DG.Tweening.Core.DOSetter`1[T] setter, System.Single elapsed, UnityEngine.Vector3 startValue, UnityEngine.Vector3 changeValue, System.Single duration, System.Boolean usingInversePosition, System.Int32 newCompletedSteps, DG.Tweening.Core.Enums.UpdateNotice updateNotice) [0x0022b] in D:\DG\_Develop\__UNITY_ASSETS\_Demigiant\__DOTween\_DOTween.Assembly\DOTween\Plugins\Vector3Plugin.cs:159 
  at DG.Tweening.Core.TweenerCore`3[T1,T2,TPlugOptions].ApplyTween (System.Single prevPosition, System.Int32 prevCompletedLoops, System.Int32 newCompletedSteps, System.Boolean useInversePosition, DG.Tweening.Core.Enums.UpdateMode updateMode, DG.Tweening.Core.Enums.UpdateNotice updateNotice) [0x00030] in D:\DG\_Develop\__UNITY_ASSETS\_Demigiant\__DOTween\_DOTween.Assembly\DOTween\Core\TweenerCore.cs:261 

UnityEngine.Debug:ExtractStackTraceNoAlloc (byte*,int,string)
UnityEngine.StackTraceUtility:ExtractStackTrace ()
UnityEngine.DebugLogHandler:Internal_Log (UnityEngine.LogType,UnityEngine.LogOption,string,UnityEngine.Object)
UnityEngine.DebugLogHandler:LogFormat (UnityEngine.LogType,UnityEngine.Object,string,object[])
UnityEngine.Logger:Log (UnityEngine.LogType,object)
UnityEngine.Debug:LogWarning (object)
DG.Tweening.Core.Debugger:LogSafeModeCapturedError (object,DG.Tweening.Tween) (at D:/DG/_Develop/__UNITY_ASSETS/_Demigiant/__DOTween/_DOTween.Assembly/DOTween/Core/Debugger.cs:61)
DG.Tweening.Core.TweenerCore`3<UnityEngine.Vector3, UnityEngine.Vector3, DG.Tweening.Plugins.Options.VectorOptions>:ApplyTween (single,int,int,bool,DG.Tweening.Core.Enums.UpdateMode,DG.Tweening.Core.Enums.UpdateNotice) (at D:/DG/_Develop/__UNITY_ASSETS/_Demigiant/__DOTween/_DOTween.Assembly/DOTween/Core/TweenerCore.cs:265)
DG.Tweening.Tween:DoGoto (DG.Tweening.Tween,single,int,DG.Tweening.Core.Enums.UpdateMode) (at D:/DG/_Develop/__UNITY_ASSETS/_Demigiant/__DOTween/_DOTween.Assembly/DOTween/Tween.cs:266)
DG.Tweening.Core.TweenManager:Goto (DG.Tweening.Tween,single,bool,DG.Tweening.Core.Enums.UpdateMode) (at D:/DG/_Develop/__UNITY_ASSETS/_Demigiant/__DOTween/_DOTween.Assembly/DOTween/Core/TweenManager.cs:803)
DG.Tweening.Sequence:ApplyInternalCycle (DG.Tweening.Sequence,single,single,DG.Tweening.Core.Enums.UpdateMode,bool,bool,bool) (at D:/DG/_Develop/__UNITY_ASSETS/_Demigiant/__DOTween/_DOTween.Assembly/DOTween/Sequence.cs:369)
DG.Tweening.Sequence:DoApplyTween (DG.Tweening.Sequence,single,int,int,bool,DG.Tweening.Core.Enums.UpdateMode) (at D:/DG/_Develop/__UNITY_ASSETS/_Demigiant/__DOTween/_DOTween.Assembly/DOTween/Sequence.cs:252)
DG.Tweening.Sequence:ApplyTween (single,int,int,bool,DG.Tweening.Core.Enums.UpdateMode,DG.Tweening.Core.Enums.UpdateNotice) (at D:/DG/_Develop/__UNITY_ASSETS/_Demigiant/__DOTween/_DOTween.Assembly/DOTween/Sequence.cs:166)
DG.Tweening.Tween:DoGoto (DG.Tweening.Tween,single,int,DG.Tweening.Core.Enums.UpdateMode) (at D:/DG/_Develop/__UNITY_ASSETS/_Demigiant/__DOTween/_DOTween.Assembly/DOTween/Tween.cs:266)
DG.Tweening.Core.TweenManager:Update (DG.Tweening.Tween,single,single,bool) (at D:/DG/_Develop/__UNITY_ASSETS/_Demigiant/__DOTween/_DOTween.Assembly/DOTween/Core/TweenManager.cs:596)
DG.Tweening.Core.TweenManager:Update (DG.Tweening.UpdateType,single,single) (at D:/DG/_Develop/__UNITY_ASSETS/_Demigiant/__DOTween/_DOTween.Assembly/DOTween/Core/TweenManager.cs:444)
DG.Tweening.Core.DOTweenComponent:Update () (at D:/DG/_Develop/__UNITY_ASSETS/_Demigiant/__DOTween/_DOTween.Assembly/DOTween/Core/DOTweenComponent.cs:75)

(Filename: D:/DG/_Develop/__UNITY_ASSETS/_Demigiant/__DOTween/_DOTween.Assembly/DOTween/Core/Debugger.cs Line: 61)

<color=#0099bc><b>DOTWEEN ► </b></color>Target or field is missing/null (Void TryThrowEditorNullExceptionObject(UnityEngine.Object, System.String)) ► The object of type 'UnityEngine.RectTransform' has been destroyed but you are still trying to access it.
Your script should either check if it is null or you should not destroy the object.

  at UnityEngine.Object+MarshalledUnityObject.TryThrowEditorNullExceptionObject (UnityEngine.Object unityObj, System.String parameterName) [0x00065] in <2f52b751ded44e96b74c2c8a24c6c65b>:0 
  at UnityEngine.Bindings.ThrowHelper.ThrowNullReferenceException (System.Object obj) [0x0000a] in <2f52b751ded44e96b74c2c8a24c6c65b>:0 
  at UnityEngine.Transform.set_localScale (UnityEngine.Vector3 value) [0x00006] in <2f52b751ded44e96b74c2c8a24c6c65b>:0 
  at DG.Tweening.ShortcutExtensions+<>c__DisplayClass44_0.<DOScale>b__1 (UnityEngine.Vector3 x) [0x00000] in D:\DG\_Develop\__UNITY_ASSETS\_Demigiant\__DOTween\_DOTween.Assembly\DOTween\ShortcutExtensions.cs:621 
  at DG.Tweening.Plugins.Vector3Plugin.EvaluateAndApply (DG.Tweening.Plugins.Options.VectorOptions options, DG.Tweening.Tween t, System.Boolean isRelative, DG.Tweening.Core.DOGetter`1[T] getter, DG.Tweening.Core.DOSetter`1[T] setter, System.Single elapsed, UnityEngine.Vector3 startValue, UnityEngine.Vector3 changeValue, System.Single duration, System.Boolean usingInversePosition, System.Int32 newCompletedSteps, DG.Tweening.Core.Enums.UpdateNotice updateNotice) [0x0022b] in D:\DG\_Develop\__UNITY_ASSETS\_Demigiant\__DOTween\_DOTween.Assembly\DOTween\Plugins\Vector3Plugin.cs:159 
  at DG.Tweening.Core.TweenerCore`3[T1,T2,TPlugOptions].ApplyTween (System.Single prevPosition, System.Int32 prevCompletedLoops, System.Int32 newCompletedSteps, System.Boolean useInversePosition, DG.Tweening.Core.Enums.UpdateMode updateMode, DG.Tweening.Core.Enums.UpdateNotice updateNotice) [0x00030] in D:\DG\_Develop\__UNITY_ASSETS\_Demigiant\__DOTween\_DOTween.Assembly\DOTween\Core\TweenerCore.cs:261 

UnityEngine.Debug:ExtractStackTraceNoAlloc (byte*,int,string)
UnityEngine.StackTraceUtility:ExtractStackTrace ()
UnityEngine.DebugLogHandler:Internal_Log (UnityEngine.LogType,UnityEngine.LogOption,string,UnityEngine.Object)
UnityEngine.DebugLogHandler:LogFormat (UnityEngine.LogType,UnityEngine.Object,string,object[])
UnityEngine.Logger:Log (UnityEngine.LogType,object)
UnityEngine.Debug:LogWarning (object)
DG.Tweening.Core.Debugger:LogSafeModeCapturedError (object,DG.Tweening.Tween) (at D:/DG/_Develop/__UNITY_ASSETS/_Demigiant/__DOTween/_DOTween.Assembly/DOTween/Core/Debugger.cs:61)
DG.Tweening.Core.TweenerCore`3<UnityEngine.Vector3, UnityEngine.Vector3, DG.Tweening.Plugins.Options.VectorOptions>:ApplyTween (single,int,int,bool,DG.Tweening.Core.Enums.UpdateMode,DG.Tweening.Core.Enums.UpdateNotice) (at D:/DG/_Develop/__UNITY_ASSETS/_Demigiant/__DOTween/_DOTween.Assembly/DOTween/Core/TweenerCore.cs:265)
DG.Tweening.Tween:DoGoto (DG.Tweening.Tween,single,int,DG.Tweening.Core.Enums.UpdateMode) (at D:/DG/_Develop/__UNITY_ASSETS/_Demigiant/__DOTween/_DOTween.Assembly/DOTween/Tween.cs:266)
DG.Tweening.Core.TweenManager:Goto (DG.Tweening.Tween,single,bool,DG.Tweening.Core.Enums.UpdateMode) (at D:/DG/_Develop/__UNITY_ASSETS/_Demigiant/__DOTween/_DOTween.Assembly/DOTween/Core/TweenManager.cs:803)
DG.Tweening.Sequence:ApplyInternalCycle (DG.Tweening.Sequence,single,single,DG.Tweening.Core.Enums.UpdateMode,bool,bool,bool) (at D:/DG/_Develop/__UNITY_ASSETS/_Demigiant/__DOTween/_DOTween.Assembly/DOTween/Sequence.cs:369)
DG.Tweening.Sequence:DoApplyTween (DG.Tweening.Sequence,single,int,int,bool,DG.Tweening.Core.Enums.UpdateMode) (at D:/DG/_Develop/__UNITY_ASSETS/_Demigiant/__DOTween/_DOTween.Assembly/DOTween/Sequence.cs:252)
DG.Tweening.Sequence:ApplyTween (single,int,int,bool,DG.Tweening.Core.Enums.UpdateMode,DG.Tweening.Core.Enums.UpdateNotice) (at D:/DG/_Develop/__UNITY_ASSETS/_Demigiant/__DOTween/_DOTween.Assembly/DOTween/Sequence.cs:166)
DG.Tweening.Tween:DoGoto (DG.Tweening.Tween,single,int,DG.Tweening.Core.Enums.UpdateMode) (at D:/DG/_Develop/__UNITY_ASSETS/_Demigiant/__DOTween/_DOTween.Assembly/DOTween/Tween.cs:266)
DG.Tweening.Core.TweenManager:Update (DG.Tweening.Tween,single,single,bool) (at D:/DG/_Develop/__UNITY_ASSETS/_Demigiant/__DOTween/_DOTween.Assembly/DOTween/Core/TweenManager.cs:596)
DG.Tweening.Core.TweenManager:Update (DG.Tweening.UpdateType,single,single) (at D:/DG/_Develop/__UNITY_ASSETS/_Demigiant/__DOTween/_DOTween.Assembly/DOTween/Core/TweenManager.cs:444)
DG.Tweening.Core.DOTweenComponent:Update () (at D:/DG/_Develop/__UNITY_ASSETS/_Demigiant/__DOTween/_DOTween.Assembly/DOTween/Core/DOTweenComponent.cs:75)

(Filename: D:/DG/_Develop/__UNITY_ASSETS/_Demigiant/__DOTween/_DOTween.Assembly/DOTween/Core/Debugger.cs Line: 61)

<color=#0099bc><b>DOTWEEN ► </b></color>Target or field is missing/null (Void TryThrowEditorNullExceptionObject(UnityEngine.Object, System.String)) ► The object of type 'UnityEngine.RectTransform' has been destroyed but you are still trying to access it.
Your script should either check if it is null or you should not destroy the object.

  at UnityEngine.Object+MarshalledUnityObject.TryThrowEditorNullExceptionObject (UnityEngine.Object unityObj, System.String parameterName) [0x00065] in <2f52b751ded44e96b74c2c8a24c6c65b>:0 
  at UnityEngine.Bindings.ThrowHelper.ThrowNullReferenceException (System.Object obj) [0x0000a] in <2f52b751ded44e96b74c2c8a24c6c65b>:0 
  at UnityEngine.Transform.set_localScale (UnityEngine.Vector3 value) [0x00006] in <2f52b751ded44e96b74c2c8a24c6c65b>:0 
  at DG.Tweening.ShortcutExtensions+<>c__DisplayClass44_0.<DOScale>b__1 (UnityEngine.Vector3 x) [0x00000] in D:\DG\_Develop\__UNITY_ASSETS\_Demigiant\__DOTween\_DOTween.Assembly\DOTween\ShortcutExtensions.cs:621 
  at DG.Tweening.Plugins.Vector3Plugin.EvaluateAndApply (DG.Tweening.Plugins.Options.VectorOptions options, DG.Tweening.Tween t, System.Boolean isRelative, DG.Tweening.Core.DOGetter`1[T] getter, DG.Tweening.Core.DOSetter`1[T] setter, System.Single elapsed, UnityEngine.Vector3 startValue, UnityEngine.Vector3 changeValue, System.Single duration, System.Boolean usingInversePosition, System.Int32 newCompletedSteps, DG.Tweening.Core.Enums.UpdateNotice updateNotice) [0x0022b] in D:\DG\_Develop\__UNITY_ASSETS\_Demigiant\__DOTween\_DOTween.Assembly\DOTween\Plugins\Vector3Plugin.cs:159 
  at DG.Tweening.Core.TweenerCore`3[T1,T2,TPlugOptions].ApplyTween (System.Single prevPosition, System.Int32 prevCompletedLoops, System.Int32 newCompletedSteps, System.Boolean useInversePosition, DG.Tweening.Core.Enums.UpdateMode updateMode, DG.Tweening.Core.Enums.UpdateNotice updateNotice) [0x00030] in D:\DG\_Develop\__UNITY_ASSETS\_Demigiant\__DOTween\_DOTween.Assembly\DOTween\Core\TweenerCore.cs:261 

UnityEngine.Debug:ExtractStackTraceNoAlloc (byte*,int,string)
UnityEngine.StackTraceUtility:ExtractStackTrace ()
UnityEngine.DebugLogHandler:Internal_Log (UnityEngine.LogType,UnityEngine.LogOption,string,UnityEngine.Object)
UnityEngine.DebugLogHandler:LogFormat (UnityEngine.LogType,UnityEngine.Object,string,object[])
UnityEngine.Logger:Log (UnityEngine.LogType,object)
UnityEngine.Debug:LogWarning (object)
DG.Tweening.Core.Debugger:LogSafeModeCapturedError (object,DG.Tweening.Tween) (at D:/DG/_Develop/__UNITY_ASSETS/_Demigiant/__DOTween/_DOTween.Assembly/DOTween/Core/Debugger.cs:61)
DG.Tweening.Core.TweenerCore`3<UnityEngine.Vector3, UnityEngine.Vector3, DG.Tweening.Plugins.Options.VectorOptions>:ApplyTween (single,int,int,bool,DG.Tweening.Core.Enums.UpdateMode,DG.Tweening.Core.Enums.UpdateNotice) (at D:/DG/_Develop/__UNITY_ASSETS/_Demigiant/__DOTween/_DOTween.Assembly/DOTween/Core/TweenerCore.cs:265)
DG.Tweening.Tween:DoGoto (DG.Tweening.Tween,single,int,DG.Tweening.Core.Enums.UpdateMode) (at D:/DG/_Develop/__UNITY_ASSETS/_Demigiant/__DOTween/_DOTween.Assembly/DOTween/Tween.cs:266)
DG.Tweening.Core.TweenManager:Goto (DG.Tweening.Tween,single,bool,DG.Tweening.Core.Enums.UpdateMode) (at D:/DG/_Develop/__UNITY_ASSETS/_Demigiant/__DOTween/_DOTween.Assembly/DOTween/Core/TweenManager.cs:803)
DG.Tweening.Sequence:ApplyInternalCycle (DG.Tweening.Sequence,single,single,DG.Tweening.Core.Enums.UpdateMode,bool,bool,bool) (at D:/DG/_Develop/__UNITY_ASSETS/_Demigiant/__DOTween/_DOTween.Assembly/DOTween/Sequence.cs:369)
DG.Tweening.Sequence:DoApplyTween (DG.Tweening.Sequence,single,int,int,bool,DG.Tweening.Core.Enums.UpdateMode) (at D:/DG/_Develop/__UNITY_ASSETS/_Demigiant/__DOTween/_DOTween.Assembly/DOTween/Sequence.cs:252)
DG.Tweening.Sequence:ApplyTween (single,int,int,bool,DG.Tweening.Core.Enums.UpdateMode,DG.Tweening.Core.Enums.UpdateNotice) (at D:/DG/_Develop/__UNITY_ASSETS/_Demigiant/__DOTween/_DOTween.Assembly/DOTween/Sequence.cs:166)
DG.Tweening.Tween:DoGoto (DG.Tweening.Tween,single,int,DG.Tweening.Core.Enums.UpdateMode) (at D:/DG/_Develop/__UNITY_ASSETS/_Demigiant/__DOTween/_DOTween.Assembly/DOTween/Tween.cs:266)
DG.Tweening.Core.TweenManager:Update (DG.Tweening.Tween,single,single,bool) (at D:/DG/_Develop/__UNITY_ASSETS/_Demigiant/__DOTween/_DOTween.Assembly/DOTween/Core/TweenManager.cs:596)
DG.Tweening.Core.TweenManager:Update (DG.Tweening.UpdateType,single,single) (at D:/DG/_Develop/__UNITY_ASSETS/_Demigiant/__DOTween/_DOTween.Assembly/DOTween/Core/TweenManager.cs:444)
DG.Tweening.Core.DOTweenComponent:Update () (at D:/DG/_Develop/__UNITY_ASSETS/_Demigiant/__DOTween/_DOTween.Assembly/DOTween/Core/DOTweenComponent.cs:75)

(Filename: D:/DG/_Develop/__UNITY_ASSETS/_Demigiant/__DOTween/_DOTween.Assembly/DOTween/Core/Debugger.cs Line: 61)

<color=#0099bc><b>DOTWEEN ► </b></color>Target or field is missing/null (Void TryThrowEditorNullExceptionObject(UnityEngine.Object, System.String)) ► The object of type 'UnityEngine.RectTransform' has been destroyed but you are still trying to access it.
Your script should either check if it is null or you should not destroy the object.

  at UnityEngine.Object+MarshalledUnityObject.TryThrowEditorNullExceptionObject (UnityEngine.Object unityObj, System.String parameterName) [0x00065] in <2f52b751ded44e96b74c2c8a24c6c65b>:0 
  at UnityEngine.Bindings.ThrowHelper.ThrowNullReferenceException (System.Object obj) [0x0000a] in <2f52b751ded44e96b74c2c8a24c6c65b>:0 
  at UnityEngine.Transform.set_localScale (UnityEngine.Vector3 value) [0x00006] in <2f52b751ded44e96b74c2c8a24c6c65b>:0 
  at DG.Tweening.ShortcutExtensions+<>c__DisplayClass44_0.<DOScale>b__1 (UnityEngine.Vector3 x) [0x00000] in D:\DG\_Develop\__UNITY_ASSETS\_Demigiant\__DOTween\_DOTween.Assembly\DOTween\ShortcutExtensions.cs:621 
  at DG.Tweening.Plugins.Vector3Plugin.EvaluateAndApply (DG.Tweening.Plugins.Options.VectorOptions options, DG.Tweening.Tween t, System.Boolean isRelative, DG.Tweening.Core.DOGetter`1[T] getter, DG.Tweening.Core.DOSetter`1[T] setter, System.Single elapsed, UnityEngine.Vector3 startValue, UnityEngine.Vector3 changeValue, System.Single duration, System.Boolean usingInversePosition, System.Int32 newCompletedSteps, DG.Tweening.Core.Enums.UpdateNotice updateNotice) [0x0022b] in D:\DG\_Develop\__UNITY_ASSETS\_Demigiant\__DOTween\_DOTween.Assembly\DOTween\Plugins\Vector3Plugin.cs:159 
  at DG.Tweening.Core.TweenerCore`3[T1,T2,TPlugOptions].ApplyTween (System.Single prevPosition, System.Int32 prevCompletedLoops, System.Int32 newCompletedSteps, System.Boolean useInversePosition, DG.Tweening.Core.Enums.UpdateMode updateMode, DG.Tweening.Core.Enums.UpdateNotice updateNotice) [0x00030] in D:\DG\_Develop\__UNITY_ASSETS\_Demigiant\__DOTween\_DOTween.Assembly\DOTween\Core\TweenerCore.cs:261 

UnityEngine.Debug:ExtractStackTraceNoAlloc (byte*,int,string)
UnityEngine.StackTraceUtility:ExtractStackTrace ()
UnityEngine.DebugLogHandler:Internal_Log (UnityEngine.LogType,UnityEngine.LogOption,string,UnityEngine.Object)
UnityEngine.DebugLogHandler:LogFormat (UnityEngine.LogType,UnityEngine.Object,string,object[])
UnityEngine.Logger:Log (UnityEngine.LogType,object)
UnityEngine.Debug:LogWarning (object)
DG.Tweening.Core.Debugger:LogSafeModeCapturedError (object,DG.Tweening.Tween) (at D:/DG/_Develop/__UNITY_ASSETS/_Demigiant/__DOTween/_DOTween.Assembly/DOTween/Core/Debugger.cs:61)
DG.Tweening.Core.TweenerCore`3<UnityEngine.Vector3, UnityEngine.Vector3, DG.Tweening.Plugins.Options.VectorOptions>:ApplyTween (single,int,int,bool,DG.Tweening.Core.Enums.UpdateMode,DG.Tweening.Core.Enums.UpdateNotice) (at D:/DG/_Develop/__UNITY_ASSETS/_Demigiant/__DOTween/_DOTween.Assembly/DOTween/Core/TweenerCore.cs:265)
DG.Tweening.Tween:DoGoto (DG.Tweening.Tween,single,int,DG.Tweening.Core.Enums.UpdateMode) (at D:/DG/_Develop/__UNITY_ASSETS/_Demigiant/__DOTween/_DOTween.Assembly/DOTween/Tween.cs:266)
DG.Tweening.Core.TweenManager:Goto (DG.Tweening.Tween,single,bool,DG.Tweening.Core.Enums.UpdateMode) (at D:/DG/_Develop/__UNITY_ASSETS/_Demigiant/__DOTween/_DOTween.Assembly/DOTween/Core/TweenManager.cs:803)
DG.Tweening.Sequence:ApplyInternalCycle (DG.Tweening.Sequence,single,single,DG.Tweening.Core.Enums.UpdateMode,bool,bool,bool) (at D:/DG/_Develop/__UNITY_ASSETS/_Demigiant/__DOTween/_DOTween.Assembly/DOTween/Sequence.cs:369)
DG.Tweening.Sequence:DoApplyTween (DG.Tweening.Sequence,single,int,int,bool,DG.Tweening.Core.Enums.UpdateMode) (at D:/DG/_Develop/__UNITY_ASSETS/_Demigiant/__DOTween/_DOTween.Assembly/DOTween/Sequence.cs:252)
DG.Tweening.Sequence:ApplyTween (single,int,int,bool,DG.Tweening.Core.Enums.UpdateMode,DG.Tweening.Core.Enums.UpdateNotice) (at D:/DG/_Develop/__UNITY_ASSETS/_Demigiant/__DOTween/_DOTween.Assembly/DOTween/Sequence.cs:166)
DG.Tweening.Tween:DoGoto (DG.Tweening.Tween,single,int,DG.Tweening.Core.Enums.UpdateMode) (at D:/DG/_Develop/__UNITY_ASSETS/_Demigiant/__DOTween/_DOTween.Assembly/DOTween/Tween.cs:266)
DG.Tweening.Core.TweenManager:Update (DG.Tweening.Tween,single,single,bool) (at D:/DG/_Develop/__UNITY_ASSETS/_Demigiant/__DOTween/_DOTween.Assembly/DOTween/Core/TweenManager.cs:596)
DG.Tweening.Core.TweenManager:Update (DG.Tweening.UpdateType,single,single) (at D:/DG/_Develop/__UNITY_ASSETS/_Demigiant/__DOTween/_DOTween.Assembly/DOTween/Core/TweenManager.cs:444)
DG.Tweening.Core.DOTweenComponent:Update () (at D:/DG/_Develop/__UNITY_ASSETS/_Demigiant/__DOTween/_DOTween.Assembly/DOTween/Core/DOTweenComponent.cs:75)

(Filename: D:/DG/_Develop/__UNITY_ASSETS/_Demigiant/__DOTween/_DOTween.Assembly/DOTween/Core/Debugger.cs Line: 61)

<color=#0099bc><b>DOTWEEN ► </b></color>Target or field is missing/null (Void TryThrowEditorNullExceptionObject(UnityEngine.Object, System.String)) ► The object of type 'UnityEngine.RectTransform' has been destroyed but you are still trying to access it.
Your script should either check if it is null or you should not destroy the object.

  at UnityEngine.Object+MarshalledUnityObject.TryThrowEditorNullExceptionObject (UnityEngine.Object unityObj, System.String parameterName) [0x00065] in <2f52b751ded44e96b74c2c8a24c6c65b>:0 
  at UnityEngine.Bindings.ThrowHelper.ThrowNullReferenceException (System.Object obj) [0x0000a] in <2f52b751ded44e96b74c2c8a24c6c65b>:0 
  at UnityEngine.Transform.set_localScale (UnityEngine.Vector3 value) [0x00006] in <2f52b751ded44e96b74c2c8a24c6c65b>:0 
  at DG.Tweening.ShortcutExtensions+<>c__DisplayClass44_0.<DOScale>b__1 (UnityEngine.Vector3 x) [0x00000] in D:\DG\_Develop\__UNITY_ASSETS\_Demigiant\__DOTween\_DOTween.Assembly\DOTween\ShortcutExtensions.cs:621 
  at DG.Tweening.Plugins.Vector3Plugin.EvaluateAndApply (DG.Tweening.Plugins.Options.VectorOptions options, DG.Tweening.Tween t, System.Boolean isRelative, DG.Tweening.Core.DOGetter`1[T] getter, DG.Tweening.Core.DOSetter`1[T] setter, System.Single elapsed, UnityEngine.Vector3 startValue, UnityEngine.Vector3 changeValue, System.Single duration, System.Boolean usingInversePosition, System.Int32 newCompletedSteps, DG.Tweening.Core.Enums.UpdateNotice updateNotice) [0x0022b] in D:\DG\_Develop\__UNITY_ASSETS\_Demigiant\__DOTween\_DOTween.Assembly\DOTween\Plugins\Vector3Plugin.cs:159 
  at DG.Tweening.Core.TweenerCore`3[T1,T2,TPlugOptions].ApplyTween (System.Single prevPosition, System.Int32 prevCompletedLoops, System.Int32 newCompletedSteps, System.Boolean useInversePosition, DG.Tweening.Core.Enums.UpdateMode updateMode, DG.Tweening.Core.Enums.UpdateNotice updateNotice) [0x00030] in D:\DG\_Develop\__UNITY_ASSETS\_Demigiant\__DOTween\_DOTween.Assembly\DOTween\Core\TweenerCore.cs:261 

UnityEngine.Debug:ExtractStackTraceNoAlloc (byte*,int,string)
UnityEngine.StackTraceUtility:ExtractStackTrace ()
UnityEngine.DebugLogHandler:Internal_Log (UnityEngine.LogType,UnityEngine.LogOption,string,UnityEngine.Object)
UnityEngine.DebugLogHandler:LogFormat (UnityEngine.LogType,UnityEngine.Object,string,object[])
UnityEngine.Logger:Log (UnityEngine.LogType,object)
UnityEngine.Debug:LogWarning (object)
DG.Tweening.Core.Debugger:LogSafeModeCapturedError (object,DG.Tweening.Tween) (at D:/DG/_Develop/__UNITY_ASSETS/_Demigiant/__DOTween/_DOTween.Assembly/DOTween/Core/Debugger.cs:61)
DG.Tweening.Core.TweenerCore`3<UnityEngine.Vector3, UnityEngine.Vector3, DG.Tweening.Plugins.Options.VectorOptions>:ApplyTween (single,int,int,bool,DG.Tweening.Core.Enums.UpdateMode,DG.Tweening.Core.Enums.UpdateNotice) (at D:/DG/_Develop/__UNITY_ASSETS/_Demigiant/__DOTween/_DOTween.Assembly/DOTween/Core/TweenerCore.cs:265)
DG.Tweening.Tween:DoGoto (DG.Tweening.Tween,single,int,DG.Tweening.Core.Enums.UpdateMode) (at D:/DG/_Develop/__UNITY_ASSETS/_Demigiant/__DOTween/_DOTween.Assembly/DOTween/Tween.cs:266)
DG.Tweening.Core.TweenManager:Goto (DG.Tweening.Tween,single,bool,DG.Tweening.Core.Enums.UpdateMode) (at D:/DG/_Develop/__UNITY_ASSETS/_Demigiant/__DOTween/_DOTween.Assembly/DOTween/Core/TweenManager.cs:803)
DG.Tweening.Sequence:ApplyInternalCycle (DG.Tweening.Sequence,single,single,DG.Tweening.Core.Enums.UpdateMode,bool,bool,bool) (at D:/DG/_Develop/__UNITY_ASSETS/_Demigiant/__DOTween/_DOTween.Assembly/DOTween/Sequence.cs:369)
DG.Tweening.Sequence:DoApplyTween (DG.Tweening.Sequence,single,int,int,bool,DG.Tweening.Core.Enums.UpdateMode) (at D:/DG/_Develop/__UNITY_ASSETS/_Demigiant/__DOTween/_DOTween.Assembly/DOTween/Sequence.cs:252)
DG.Tweening.Sequence:ApplyTween (single,int,int,bool,DG.Tweening.Core.Enums.UpdateMode,DG.Tweening.Core.Enums.UpdateNotice) (at D:/DG/_Develop/__UNITY_ASSETS/_Demigiant/__DOTween/_DOTween.Assembly/DOTween/Sequence.cs:166)
DG.Tweening.Tween:DoGoto (DG.Tweening.Tween,single,int,DG.Tweening.Core.Enums.UpdateMode) (at D:/DG/_Develop/__UNITY_ASSETS/_Demigiant/__DOTween/_DOTween.Assembly/DOTween/Tween.cs:266)
DG.Tweening.Core.TweenManager:Update (DG.Tweening.Tween,single,single,bool) (at D:/DG/_Develop/__UNITY_ASSETS/_Demigiant/__DOTween/_DOTween.Assembly/DOTween/Core/TweenManager.cs:596)
DG.Tweening.Core.TweenManager:Update (DG.Tweening.UpdateType,single,single) (at D:/DG/_Develop/__UNITY_ASSETS/_Demigiant/__DOTween/_DOTween.Assembly/DOTween/Core/TweenManager.cs:444)
DG.Tweening.Core.DOTweenComponent:Update () (at D:/DG/_Develop/__UNITY_ASSETS/_Demigiant/__DOTween/_DOTween.Assembly/DOTween/Core/DOTweenComponent.cs:75)

(Filename: D:/DG/_Develop/__UNITY_ASSETS/_Demigiant/__DOTween/_DOTween.Assembly/DOTween/Core/Debugger.cs Line: 61)

<color=#0099bc><b>DOTWEEN ► </b></color>Target or field is missing/null (Void TryThrowEditorNullExceptionObject(UnityEngine.Object, System.String)) ► The object of type 'UnityEngine.RectTransform' has been destroyed but you are still trying to access it.
Your script should either check if it is null or you should not destroy the object.

  at UnityEngine.Object+MarshalledUnityObject.TryThrowEditorNullExceptionObject (UnityEngine.Object unityObj, System.String parameterName) [0x00065] in <2f52b751ded44e96b74c2c8a24c6c65b>:0 
  at UnityEngine.Bindings.ThrowHelper.ThrowNullReferenceException (System.Object obj) [0x0000a] in <2f52b751ded44e96b74c2c8a24c6c65b>:0 
  at UnityEngine.Transform.set_localScale (UnityEngine.Vector3 value) [0x00006] in <2f52b751ded44e96b74c2c8a24c6c65b>:0 
  at DG.Tweening.ShortcutExtensions+<>c__DisplayClass44_0.<DOScale>b__1 (UnityEngine.Vector3 x) [0x00000] in D:\DG\_Develop\__UNITY_ASSETS\_Demigiant\__DOTween\_DOTween.Assembly\DOTween\ShortcutExtensions.cs:621 
  at DG.Tweening.Plugins.Vector3Plugin.EvaluateAndApply (DG.Tweening.Plugins.Options.VectorOptions options, DG.Tweening.Tween t, System.Boolean isRelative, DG.Tweening.Core.DOGetter`1[T] getter, DG.Tweening.Core.DOSetter`1[T] setter, System.Single elapsed, UnityEngine.Vector3 startValue, UnityEngine.Vector3 changeValue, System.Single duration, System.Boolean usingInversePosition, System.Int32 newCompletedSteps, DG.Tweening.Core.Enums.UpdateNotice updateNotice) [0x0022b] in D:\DG\_Develop\__UNITY_ASSETS\_Demigiant\__DOTween\_DOTween.Assembly\DOTween\Plugins\Vector3Plugin.cs:159 
  at DG.Tweening.Core.TweenerCore`3[T1,T2,TPlugOptions].ApplyTween (System.Single prevPosition, System.Int32 prevCompletedLoops, System.Int32 newCompletedSteps, System.Boolean useInversePosition, DG.Tweening.Core.Enums.UpdateMode updateMode, DG.Tweening.Core.Enums.UpdateNotice updateNotice) [0x00030] in D:\DG\_Develop\__UNITY_ASSETS\_Demigiant\__DOTween\_DOTween.Assembly\DOTween\Core\TweenerCore.cs:261 

UnityEngine.Debug:ExtractStackTraceNoAlloc (byte*,int,string)
UnityEngine.StackTraceUtility:ExtractStackTrace ()
UnityEngine.DebugLogHandler:Internal_Log (UnityEngine.LogType,UnityEngine.LogOption,string,UnityEngine.Object)
UnityEngine.DebugLogHandler:LogFormat (UnityEngine.LogType,UnityEngine.Object,string,object[])
UnityEngine.Logger:Log (UnityEngine.LogType,object)
UnityEngine.Debug:LogWarning (object)
DG.Tweening.Core.Debugger:LogSafeModeCapturedError (object,DG.Tweening.Tween) (at D:/DG/_Develop/__UNITY_ASSETS/_Demigiant/__DOTween/_DOTween.Assembly/DOTween/Core/Debugger.cs:61)
DG.Tweening.Core.TweenerCore`3<UnityEngine.Vector3, UnityEngine.Vector3, DG.Tweening.Plugins.Options.VectorOptions>:ApplyTween (single,int,int,bool,DG.Tweening.Core.Enums.UpdateMode,DG.Tweening.Core.Enums.UpdateNotice) (at D:/DG/_Develop/__UNITY_ASSETS/_Demigiant/__DOTween/_DOTween.Assembly/DOTween/Core/TweenerCore.cs:265)
DG.Tweening.Tween:DoGoto (DG.Tweening.Tween,single,int,DG.Tweening.Core.Enums.UpdateMode) (at D:/DG/_Develop/__UNITY_ASSETS/_Demigiant/__DOTween/_DOTween.Assembly/DOTween/Tween.cs:266)
DG.Tweening.Core.TweenManager:Goto (DG.Tweening.Tween,single,bool,DG.Tweening.Core.Enums.UpdateMode) (at D:/DG/_Develop/__UNITY_ASSETS/_Demigiant/__DOTween/_DOTween.Assembly/DOTween/Core/TweenManager.cs:803)
DG.Tweening.Sequence:ApplyInternalCycle (DG.Tweening.Sequence,single,single,DG.Tweening.Core.Enums.UpdateMode,bool,bool,bool) (at D:/DG/_Develop/__UNITY_ASSETS/_Demigiant/__DOTween/_DOTween.Assembly/DOTween/Sequence.cs:369)
DG.Tweening.Sequence:DoApplyTween (DG.Tweening.Sequence,single,int,int,bool,DG.Tweening.Core.Enums.UpdateMode) (at D:/DG/_Develop/__UNITY_ASSETS/_Demigiant/__DOTween/_DOTween.Assembly/DOTween/Sequence.cs:252)
DG.Tweening.Sequence:ApplyTween (single,int,int,bool,DG.Tweening.Core.Enums.UpdateMode,DG.Tweening.Core.Enums.UpdateNotice) (at D:/DG/_Develop/__UNITY_ASSETS/_Demigiant/__DOTween/_DOTween.Assembly/DOTween/Sequence.cs:166)
DG.Tweening.Tween:DoGoto (DG.Tweening.Tween,single,int,DG.Tweening.Core.Enums.UpdateMode) (at D:/DG/_Develop/__UNITY_ASSETS/_Demigiant/__DOTween/_DOTween.Assembly/DOTween/Tween.cs:266)
DG.Tweening.Core.TweenManager:Update (DG.Tweening.Tween,single,single,bool) (at D:/DG/_Develop/__UNITY_ASSETS/_Demigiant/__DOTween/_DOTween.Assembly/DOTween/Core/TweenManager.cs:596)
DG.Tweening.Core.TweenManager:Update (DG.Tweening.UpdateType,single,single) (at D:/DG/_Develop/__UNITY_ASSETS/_Demigiant/__DOTween/_DOTween.Assembly/DOTween/Core/TweenManager.cs:444)
DG.Tweening.Core.DOTweenComponent:Update () (at D:/DG/_Develop/__UNITY_ASSETS/_Demigiant/__DOTween/_DOTween.Assembly/DOTween/Core/DOTweenComponent.cs:75)

(Filename: D:/DG/_Develop/__UNITY_ASSETS/_Demigiant/__DOTween/_DOTween.Assembly/DOTween/Core/Debugger.cs Line: 61)

<color=#0099bc><b>DOTWEEN ► </b></color>Target or field is missing/null (Void TryThrowEditorNullExceptionObject(UnityEngine.Object, System.String)) ► The object of type 'UnityEngine.RectTransform' has been destroyed but you are still trying to access it.
Your script should either check if it is null or you should not destroy the object.

  at UnityEngine.Object+MarshalledUnityObject.TryThrowEditorNullExceptionObject (UnityEngine.Object unityObj, System.String parameterName) [0x00065] in <2f52b751ded44e96b74c2c8a24c6c65b>:0 
  at UnityEngine.Bindings.ThrowHelper.ThrowNullReferenceException (System.Object obj) [0x0000a] in <2f52b751ded44e96b74c2c8a24c6c65b>:0 
  at UnityEngine.Transform.set_localScale (UnityEngine.Vector3 value) [0x00006] in <2f52b751ded44e96b74c2c8a24c6c65b>:0 
  at DG.Tweening.ShortcutExtensions+<>c__DisplayClass44_0.<DOScale>b__1 (UnityEngine.Vector3 x) [0x00000] in D:\DG\_Develop\__UNITY_ASSETS\_Demigiant\__DOTween\_DOTween.Assembly\DOTween\ShortcutExtensions.cs:621 
  at DG.Tweening.Plugins.Vector3Plugin.EvaluateAndApply (DG.Tweening.Plugins.Options.VectorOptions options, DG.Tweening.Tween t, System.Boolean isRelative, DG.Tweening.Core.DOGetter`1[T] getter, DG.Tweening.Core.DOSetter`1[T] setter, System.Single elapsed, UnityEngine.Vector3 startValue, UnityEngine.Vector3 changeValue, System.Single duration, System.Boolean usingInversePosition, System.Int32 newCompletedSteps, DG.Tweening.Core.Enums.UpdateNotice updateNotice) [0x0022b] in D:\DG\_Develop\__UNITY_ASSETS\_Demigiant\__DOTween\_DOTween.Assembly\DOTween\Plugins\Vector3Plugin.cs:159 
  at DG.Tweening.Core.TweenerCore`3[T1,T2,TPlugOptions].ApplyTween (System.Single prevPosition, System.Int32 prevCompletedLoops, System.Int32 newCompletedSteps, System.Boolean useInversePosition, DG.Tweening.Core.Enums.UpdateMode updateMode, DG.Tweening.Core.Enums.UpdateNotice updateNotice) [0x00030] in D:\DG\_Develop\__UNITY_ASSETS\_Demigiant\__DOTween\_DOTween.Assembly\DOTween\Core\TweenerCore.cs:261 

UnityEngine.Debug:ExtractStackTraceNoAlloc (byte*,int,string)
UnityEngine.StackTraceUtility:ExtractStackTrace ()
UnityEngine.DebugLogHandler:Internal_Log (UnityEngine.LogType,UnityEngine.LogOption,string,UnityEngine.Object)
UnityEngine.DebugLogHandler:LogFormat (UnityEngine.LogType,UnityEngine.Object,string,object[])
UnityEngine.Logger:Log (UnityEngine.LogType,object)
UnityEngine.Debug:LogWarning (object)
DG.Tweening.Core.Debugger:LogSafeModeCapturedError (object,DG.Tweening.Tween) (at D:/DG/_Develop/__UNITY_ASSETS/_Demigiant/__DOTween/_DOTween.Assembly/DOTween/Core/Debugger.cs:61)
DG.Tweening.Core.TweenerCore`3<UnityEngine.Vector3, UnityEngine.Vector3, DG.Tweening.Plugins.Options.VectorOptions>:ApplyTween (single,int,int,bool,DG.Tweening.Core.Enums.UpdateMode,DG.Tweening.Core.Enums.UpdateNotice) (at D:/DG/_Develop/__UNITY_ASSETS/_Demigiant/__DOTween/_DOTween.Assembly/DOTween/Core/TweenerCore.cs:265)
DG.Tweening.Tween:DoGoto (DG.Tweening.Tween,single,int,DG.Tweening.Core.Enums.UpdateMode) (at D:/DG/_Develop/__UNITY_ASSETS/_Demigiant/__DOTween/_DOTween.Assembly/DOTween/Tween.cs:266)
DG.Tweening.Core.TweenManager:Goto (DG.Tweening.Tween,single,bool,DG.Tweening.Core.Enums.UpdateMode) (at D:/DG/_Develop/__UNITY_ASSETS/_Demigiant/__DOTween/_DOTween.Assembly/DOTween/Core/TweenManager.cs:803)
DG.Tweening.Sequence:ApplyInternalCycle (DG.Tweening.Sequence,single,single,DG.Tweening.Core.Enums.UpdateMode,bool,bool,bool) (at D:/DG/_Develop/__UNITY_ASSETS/_Demigiant/__DOTween/_DOTween.Assembly/DOTween/Sequence.cs:369)
DG.Tweening.Sequence:DoApplyTween (DG.Tweening.Sequence,single,int,int,bool,DG.Tweening.Core.Enums.UpdateMode) (at D:/DG/_Develop/__UNITY_ASSETS/_Demigiant/__DOTween/_DOTween.Assembly/DOTween/Sequence.cs:252)
DG.Tweening.Sequence:ApplyTween (single,int,int,bool,DG.Tweening.Core.Enums.UpdateMode,DG.Tweening.Core.Enums.UpdateNotice) (at D:/DG/_Develop/__UNITY_ASSETS/_Demigiant/__DOTween/_DOTween.Assembly/DOTween/Sequence.cs:166)
DG.Tweening.Tween:DoGoto (DG.Tweening.Tween,single,int,DG.Tweening.Core.Enums.UpdateMode) (at D:/DG/_Develop/__UNITY_ASSETS/_Demigiant/__DOTween/_DOTween.Assembly/DOTween/Tween.cs:266)
DG.Tweening.Core.TweenManager:Update (DG.Tweening.Tween,single,single,bool) (at D:/DG/_Develop/__UNITY_ASSETS/_Demigiant/__DOTween/_DOTween.Assembly/DOTween/Core/TweenManager.cs:596)
DG.Tweening.Core.TweenManager:Update (DG.Tweening.UpdateType,single,single) (at D:/DG/_Develop/__UNITY_ASSETS/_Demigiant/__DOTween/_DOTween.Assembly/DOTween/Core/TweenManager.cs:444)
DG.Tweening.Core.DOTweenComponent:Update () (at D:/DG/_Develop/__UNITY_ASSETS/_Demigiant/__DOTween/_DOTween.Assembly/DOTween/Core/DOTweenComponent.cs:75)

(Filename: D:/DG/_Develop/__UNITY_ASSETS/_Demigiant/__DOTween/_DOTween.Assembly/DOTween/Core/Debugger.cs Line: 61)

<color=#0099bc><b>DOTWEEN ► </b></color>Target or field is missing/null (Void TryThrowEditorNullExceptionObject(UnityEngine.Object, System.String)) ► The object of type 'UnityEngine.RectTransform' has been destroyed but you are still trying to access it.
Your script should either check if it is null or you should not destroy the object.

  at UnityEngine.Object+MarshalledUnityObject.TryThrowEditorNullExceptionObject (UnityEngine.Object unityObj, System.String parameterName) [0x00065] in <2f52b751ded44e96b74c2c8a24c6c65b>:0 
  at UnityEngine.Bindings.ThrowHelper.ThrowNullReferenceException (System.Object obj) [0x0000a] in <2f52b751ded44e96b74c2c8a24c6c65b>:0 
  at UnityEngine.Transform.set_localScale (UnityEngine.Vector3 value) [0x00006] in <2f52b751ded44e96b74c2c8a24c6c65b>:0 
  at DG.Tweening.ShortcutExtensions+<>c__DisplayClass44_0.<DOScale>b__1 (UnityEngine.Vector3 x) [0x00000] in D:\DG\_Develop\__UNITY_ASSETS\_Demigiant\__DOTween\_DOTween.Assembly\DOTween\ShortcutExtensions.cs:621 
  at DG.Tweening.Plugins.Vector3Plugin.EvaluateAndApply (DG.Tweening.Plugins.Options.VectorOptions options, DG.Tweening.Tween t, System.Boolean isRelative, DG.Tweening.Core.DOGetter`1[T] getter, DG.Tweening.Core.DOSetter`1[T] setter, System.Single elapsed, UnityEngine.Vector3 startValue, UnityEngine.Vector3 changeValue, System.Single duration, System.Boolean usingInversePosition, System.Int32 newCompletedSteps, DG.Tweening.Core.Enums.UpdateNotice updateNotice) [0x0022b] in D:\DG\_Develop\__UNITY_ASSETS\_Demigiant\__DOTween\_DOTween.Assembly\DOTween\Plugins\Vector3Plugin.cs:159 
  at DG.Tweening.Core.TweenerCore`3[T1,T2,TPlugOptions].ApplyTween (System.Single prevPosition, System.Int32 prevCompletedLoops, System.Int32 newCompletedSteps, System.Boolean useInversePosition, DG.Tweening.Core.Enums.UpdateMode updateMode, DG.Tweening.Core.Enums.UpdateNotice updateNotice) [0x00030] in D:\DG\_Develop\__UNITY_ASSETS\_Demigiant\__DOTween\_DOTween.Assembly\DOTween\Core\TweenerCore.cs:261 

UnityEngine.Debug:ExtractStackTraceNoAlloc (byte*,int,string)
UnityEngine.StackTraceUtility:ExtractStackTrace ()
UnityEngine.DebugLogHandler:Internal_Log (UnityEngine.LogType,UnityEngine.LogOption,string,UnityEngine.Object)
UnityEngine.DebugLogHandler:LogFormat (UnityEngine.LogType,UnityEngine.Object,string,object[])
UnityEngine.Logger:Log (UnityEngine.LogType,object)
UnityEngine.Debug:LogWarning (object)
DG.Tweening.Core.Debugger:LogSafeModeCapturedError (object,DG.Tweening.Tween) (at D:/DG/_Develop/__UNITY_ASSETS/_Demigiant/__DOTween/_DOTween.Assembly/DOTween/Core/Debugger.cs:61)
DG.Tweening.Core.TweenerCore`3<UnityEngine.Vector3, UnityEngine.Vector3, DG.Tweening.Plugins.Options.VectorOptions>:ApplyTween (single,int,int,bool,DG.Tweening.Core.Enums.UpdateMode,DG.Tweening.Core.Enums.UpdateNotice) (at D:/DG/_Develop/__UNITY_ASSETS/_Demigiant/__DOTween/_DOTween.Assembly/DOTween/Core/TweenerCore.cs:265)
DG.Tweening.Tween:DoGoto (DG.Tweening.Tween,single,int,DG.Tweening.Core.Enums.UpdateMode) (at D:/DG/_Develop/__UNITY_ASSETS/_Demigiant/__DOTween/_DOTween.Assembly/DOTween/Tween.cs:266)
DG.Tweening.Core.TweenManager:Goto (DG.Tweening.Tween,single,bool,DG.Tweening.Core.Enums.UpdateMode) (at D:/DG/_Develop/__UNITY_ASSETS/_Demigiant/__DOTween/_DOTween.Assembly/DOTween/Core/TweenManager.cs:803)
DG.Tweening.Sequence:ApplyInternalCycle (DG.Tweening.Sequence,single,single,DG.Tweening.Core.Enums.UpdateMode,bool,bool,bool) (at D:/DG/_Develop/__UNITY_ASSETS/_Demigiant/__DOTween/_DOTween.Assembly/DOTween/Sequence.cs:369)
DG.Tweening.Sequence:DoApplyTween (DG.Tweening.Sequence,single,int,int,bool,DG.Tweening.Core.Enums.UpdateMode) (at D:/DG/_Develop/__UNITY_ASSETS/_Demigiant/__DOTween/_DOTween.Assembly/DOTween/Sequence.cs:252)
DG.Tweening.Sequence:ApplyTween (single,int,int,bool,DG.Tweening.Core.Enums.UpdateMode,DG.Tweening.Core.Enums.UpdateNotice) (at D:/DG/_Develop/__UNITY_ASSETS/_Demigiant/__DOTween/_DOTween.Assembly/DOTween/Sequence.cs:166)
DG.Tweening.Tween:DoGoto (DG.Tweening.Tween,single,int,DG.Tweening.Core.Enums.UpdateMode) (at D:/DG/_Develop/__UNITY_ASSETS/_Demigiant/__DOTween/_DOTween.Assembly/DOTween/Tween.cs:266)
DG.Tweening.Core.TweenManager:Update (DG.Tweening.Tween,single,single,bool) (at D:/DG/_Develop/__UNITY_ASSETS/_Demigiant/__DOTween/_DOTween.Assembly/DOTween/Core/TweenManager.cs:596)
DG.Tweening.Core.TweenManager:Update (DG.Tweening.UpdateType,single,single) (at D:/DG/_Develop/__UNITY_ASSETS/_Demigiant/__DOTween/_DOTween.Assembly/DOTween/Core/TweenManager.cs:444)
DG.Tweening.Core.DOTweenComponent:Update () (at D:/DG/_Develop/__UNITY_ASSETS/_Demigiant/__DOTween/_DOTween.Assembly/DOTween/Core/DOTweenComponent.cs:75)

(Filename: D:/DG/_Develop/__UNITY_ASSETS/_Demigiant/__DOTween/_DOTween.Assembly/DOTween/Core/Debugger.cs Line: 61)

<color=#0099bc><b>DOTWEEN ► </b></color>Target or field is missing/null (Void TryThrowEditorNullExceptionObject(UnityEngine.Object, System.String)) ► The object of type 'UnityEngine.RectTransform' has been destroyed but you are still trying to access it.
Your script should either check if it is null or you should not destroy the object.

  at UnityEngine.Object+MarshalledUnityObject.TryThrowEditorNullExceptionObject (UnityEngine.Object unityObj, System.String parameterName) [0x00065] in <2f52b751ded44e96b74c2c8a24c6c65b>:0 
  at UnityEngine.Bindings.ThrowHelper.ThrowNullReferenceException (System.Object obj) [0x0000a] in <2f52b751ded44e96b74c2c8a24c6c65b>:0 
  at UnityEngine.Transform.set_localScale (UnityEngine.Vector3 value) [0x00006] in <2f52b751ded44e96b74c2c8a24c6c65b>:0 
  at DG.Tweening.ShortcutExtensions+<>c__DisplayClass44_0.<DOScale>b__1 (UnityEngine.Vector3 x) [0x00000] in D:\DG\_Develop\__UNITY_ASSETS\_Demigiant\__DOTween\_DOTween.Assembly\DOTween\ShortcutExtensions.cs:621 
  at DG.Tweening.Plugins.Vector3Plugin.EvaluateAndApply (DG.Tweening.Plugins.Options.VectorOptions options, DG.Tweening.Tween t, System.Boolean isRelative, DG.Tweening.Core.DOGetter`1[T] getter, DG.Tweening.Core.DOSetter`1[T] setter, System.Single elapsed, UnityEngine.Vector3 startValue, UnityEngine.Vector3 changeValue, System.Single duration, System.Boolean usingInversePosition, System.Int32 newCompletedSteps, DG.Tweening.Core.Enums.UpdateNotice updateNotice) [0x0022b] in D:\DG\_Develop\__UNITY_ASSETS\_Demigiant\__DOTween\_DOTween.Assembly\DOTween\Plugins\Vector3Plugin.cs:159 
  at DG.Tweening.Core.TweenerCore`3[T1,T2,TPlugOptions].ApplyTween (System.Single prevPosition, System.Int32 prevCompletedLoops, System.Int32 newCompletedSteps, System.Boolean useInversePosition, DG.Tweening.Core.Enums.UpdateMode updateMode, DG.Tweening.Core.Enums.UpdateNotice updateNotice) [0x00030] in D:\DG\_Develop\__UNITY_ASSETS\_Demigiant\__DOTween\_DOTween.Assembly\DOTween\Core\TweenerCore.cs:261 

UnityEngine.Debug:ExtractStackTraceNoAlloc (byte*,int,string)
UnityEngine.StackTraceUtility:ExtractStackTrace ()
UnityEngine.DebugLogHandler:Internal_Log (UnityEngine.LogType,UnityEngine.LogOption,string,UnityEngine.Object)
UnityEngine.DebugLogHandler:LogFormat (UnityEngine.LogType,UnityEngine.Object,string,object[])
UnityEngine.Logger:Log (UnityEngine.LogType,object)
UnityEngine.Debug:LogWarning (object)
DG.Tweening.Core.Debugger:LogSafeModeCapturedError (object,DG.Tweening.Tween) (at D:/DG/_Develop/__UNITY_ASSETS/_Demigiant/__DOTween/_DOTween.Assembly/DOTween/Core/Debugger.cs:61)
DG.Tweening.Core.TweenerCore`3<UnityEngine.Vector3, UnityEngine.Vector3, DG.Tweening.Plugins.Options.VectorOptions>:ApplyTween (single,int,int,bool,DG.Tweening.Core.Enums.UpdateMode,DG.Tweening.Core.Enums.UpdateNotice) (at D:/DG/_Develop/__UNITY_ASSETS/_Demigiant/__DOTween/_DOTween.Assembly/DOTween/Core/TweenerCore.cs:265)
DG.Tweening.Tween:DoGoto (DG.Tweening.Tween,single,int,DG.Tweening.Core.Enums.UpdateMode) (at D:/DG/_Develop/__UNITY_ASSETS/_Demigiant/__DOTween/_DOTween.Assembly/DOTween/Tween.cs:266)
DG.Tweening.Core.TweenManager:Goto (DG.Tweening.Tween,single,bool,DG.Tweening.Core.Enums.UpdateMode) (at D:/DG/_Develop/__UNITY_ASSETS/_Demigiant/__DOTween/_DOTween.Assembly/DOTween/Core/TweenManager.cs:803)
DG.Tweening.Sequence:ApplyInternalCycle (DG.Tweening.Sequence,single,single,DG.Tweening.Core.Enums.UpdateMode,bool,bool,bool) (at D:/DG/_Develop/__UNITY_ASSETS/_Demigiant/__DOTween/_DOTween.Assembly/DOTween/Sequence.cs:369)
DG.Tweening.Sequence:DoApplyTween (DG.Tweening.Sequence,single,int,int,bool,DG.Tweening.Core.Enums.UpdateMode) (at D:/DG/_Develop/__UNITY_ASSETS/_Demigiant/__DOTween/_DOTween.Assembly/DOTween/Sequence.cs:252)
DG.Tweening.Sequence:ApplyTween (single,int,int,bool,DG.Tweening.Core.Enums.UpdateMode,DG.Tweening.Core.Enums.UpdateNotice) (at D:/DG/_Develop/__UNITY_ASSETS/_Demigiant/__DOTween/_DOTween.Assembly/DOTween/Sequence.cs:166)
DG.Tweening.Tween:DoGoto (DG.Tweening.Tween,single,int,DG.Tweening.Core.Enums.UpdateMode) (at D:/DG/_Develop/__UNITY_ASSETS/_Demigiant/__DOTween/_DOTween.Assembly/DOTween/Tween.cs:266)
DG.Tweening.Core.TweenManager:Update (DG.Tweening.Tween,single,single,bool) (at D:/DG/_Develop/__UNITY_ASSETS/_Demigiant/__DOTween/_DOTween.Assembly/DOTween/Core/TweenManager.cs:596)
DG.Tweening.Core.TweenManager:Update (DG.Tweening.UpdateType,single,single) (at D:/DG/_Develop/__UNITY_ASSETS/_Demigiant/__DOTween/_DOTween.Assembly/DOTween/Core/TweenManager.cs:444)
DG.Tweening.Core.DOTweenComponent:Update () (at D:/DG/_Develop/__UNITY_ASSETS/_Demigiant/__DOTween/_DOTween.Assembly/DOTween/Core/DOTweenComponent.cs:75)

(Filename: D:/DG/_Develop/__UNITY_ASSETS/_Demigiant/__DOTween/_DOTween.Assembly/DOTween/Core/Debugger.cs Line: 61)

<color=#0099bc><b>DOTWEEN ► </b></color>Target or field is missing/null (Void TryThrowEditorNullExceptionObject(UnityEngine.Object, System.String)) ► The object of type 'UnityEngine.RectTransform' has been destroyed but you are still trying to access it.
Your script should either check if it is null or you should not destroy the object.

  at UnityEngine.Object+MarshalledUnityObject.TryThrowEditorNullExceptionObject (UnityEngine.Object unityObj, System.String parameterName) [0x00065] in <2f52b751ded44e96b74c2c8a24c6c65b>:0 
  at UnityEngine.Bindings.ThrowHelper.ThrowNullReferenceException (System.Object obj) [0x0000a] in <2f52b751ded44e96b74c2c8a24c6c65b>:0 
  at UnityEngine.Transform.set_localScale (UnityEngine.Vector3 value) [0x00006] in <2f52b751ded44e96b74c2c8a24c6c65b>:0 
  at DG.Tweening.ShortcutExtensions+<>c__DisplayClass44_0.<DOScale>b__1 (UnityEngine.Vector3 x) [0x00000] in D:\DG\_Develop\__UNITY_ASSETS\_Demigiant\__DOTween\_DOTween.Assembly\DOTween\ShortcutExtensions.cs:621 
  at DG.Tweening.Plugins.Vector3Plugin.EvaluateAndApply (DG.Tweening.Plugins.Options.VectorOptions options, DG.Tweening.Tween t, System.Boolean isRelative, DG.Tweening.Core.DOGetter`1[T] getter, DG.Tweening.Core.DOSetter`1[T] setter, System.Single elapsed, UnityEngine.Vector3 startValue, UnityEngine.Vector3 changeValue, System.Single duration, System.Boolean usingInversePosition, System.Int32 newCompletedSteps, DG.Tweening.Core.Enums.UpdateNotice updateNotice) [0x0022b] in D:\DG\_Develop\__UNITY_ASSETS\_Demigiant\__DOTween\_DOTween.Assembly\DOTween\Plugins\Vector3Plugin.cs:159 
  at DG.Tweening.Core.TweenerCore`3[T1,T2,TPlugOptions].ApplyTween (System.Single prevPosition, System.Int32 prevCompletedLoops, System.Int32 newCompletedSteps, System.Boolean useInversePosition, DG.Tweening.Core.Enums.UpdateMode updateMode, DG.Tweening.Core.Enums.UpdateNotice updateNotice) [0x00030] in D:\DG\_Develop\__UNITY_ASSETS\_Demigiant\__DOTween\_DOTween.Assembly\DOTween\Core\TweenerCore.cs:261 

UnityEngine.Debug:ExtractStackTraceNoAlloc (byte*,int,string)
UnityEngine.StackTraceUtility:ExtractStackTrace ()
UnityEngine.DebugLogHandler:Internal_Log (UnityEngine.LogType,UnityEngine.LogOption,string,UnityEngine.Object)
UnityEngine.DebugLogHandler:LogFormat (UnityEngine.LogType,UnityEngine.Object,string,object[])
UnityEngine.Logger:Log (UnityEngine.LogType,object)
UnityEngine.Debug:LogWarning (object)
DG.Tweening.Core.Debugger:LogSafeModeCapturedError (object,DG.Tweening.Tween) (at D:/DG/_Develop/__UNITY_ASSETS/_Demigiant/__DOTween/_DOTween.Assembly/DOTween/Core/Debugger.cs:61)
DG.Tweening.Core.TweenerCore`3<UnityEngine.Vector3, UnityEngine.Vector3, DG.Tweening.Plugins.Options.VectorOptions>:ApplyTween (single,int,int,bool,DG.Tweening.Core.Enums.UpdateMode,DG.Tweening.Core.Enums.UpdateNotice) (at D:/DG/_Develop/__UNITY_ASSETS/_Demigiant/__DOTween/_DOTween.Assembly/DOTween/Core/TweenerCore.cs:265)
DG.Tweening.Tween:DoGoto (DG.Tweening.Tween,single,int,DG.Tweening.Core.Enums.UpdateMode) (at D:/DG/_Develop/__UNITY_ASSETS/_Demigiant/__DOTween/_DOTween.Assembly/DOTween/Tween.cs:266)
DG.Tweening.Core.TweenManager:Goto (DG.Tweening.Tween,single,bool,DG.Tweening.Core.Enums.UpdateMode) (at D:/DG/_Develop/__UNITY_ASSETS/_Demigiant/__DOTween/_DOTween.Assembly/DOTween/Core/TweenManager.cs:803)
DG.Tweening.Sequence:ApplyInternalCycle (DG.Tweening.Sequence,single,single,DG.Tweening.Core.Enums.UpdateMode,bool,bool,bool) (at D:/DG/_Develop/__UNITY_ASSETS/_Demigiant/__DOTween/_DOTween.Assembly/DOTween/Sequence.cs:369)
DG.Tweening.Sequence:DoApplyTween (DG.Tweening.Sequence,single,int,int,bool,DG.Tweening.Core.Enums.UpdateMode) (at D:/DG/_Develop/__UNITY_ASSETS/_Demigiant/__DOTween/_DOTween.Assembly/DOTween/Sequence.cs:252)
DG.Tweening.Sequence:ApplyTween (single,int,int,bool,DG.Tweening.Core.Enums.UpdateMode,DG.Tweening.Core.Enums.UpdateNotice) (at D:/DG/_Develop/__UNITY_ASSETS/_Demigiant/__DOTween/_DOTween.Assembly/DOTween/Sequence.cs:166)
DG.Tweening.Tween:DoGoto (DG.Tweening.Tween,single,int,DG.Tweening.Core.Enums.UpdateMode) (at D:/DG/_Develop/__UNITY_ASSETS/_Demigiant/__DOTween/_DOTween.Assembly/DOTween/Tween.cs:266)
DG.Tweening.Core.TweenManager:Update (DG.Tweening.Tween,single,single,bool) (at D:/DG/_Develop/__UNITY_ASSETS/_Demigiant/__DOTween/_DOTween.Assembly/DOTween/Core/TweenManager.cs:596)
DG.Tweening.Core.TweenManager:Update (DG.Tweening.UpdateType,single,single) (at D:/DG/_Develop/__UNITY_ASSETS/_Demigiant/__DOTween/_DOTween.Assembly/DOTween/Core/TweenManager.cs:444)
DG.Tweening.Core.DOTweenComponent:Update () (at D:/DG/_Develop/__UNITY_ASSETS/_Demigiant/__DOTween/_DOTween.Assembly/DOTween/Core/DOTweenComponent.cs:75)

(Filename: D:/DG/_Develop/__UNITY_ASSETS/_Demigiant/__DOTween/_DOTween.Assembly/DOTween/Core/Debugger.cs Line: 61)

<color=#0099bc><b>DOTWEEN ► </b></color>Target or field is missing/null (Void TryThrowEditorNullExceptionObject(UnityEngine.Object, System.String)) ► The object of type 'UnityEngine.RectTransform' has been destroyed but you are still trying to access it.
Your script should either check if it is null or you should not destroy the object.

  at UnityEngine.Object+MarshalledUnityObject.TryThrowEditorNullExceptionObject (UnityEngine.Object unityObj, System.String parameterName) [0x00065] in <2f52b751ded44e96b74c2c8a24c6c65b>:0 
  at UnityEngine.Bindings.ThrowHelper.ThrowNullReferenceException (System.Object obj) [0x0000a] in <2f52b751ded44e96b74c2c8a24c6c65b>:0 
  at UnityEngine.Transform.set_localScale (UnityEngine.Vector3 value) [0x00006] in <2f52b751ded44e96b74c2c8a24c6c65b>:0 
  at DG.Tweening.ShortcutExtensions+<>c__DisplayClass44_0.<DOScale>b__1 (UnityEngine.Vector3 x) [0x00000] in D:\DG\_Develop\__UNITY_ASSETS\_Demigiant\__DOTween\_DOTween.Assembly\DOTween\ShortcutExtensions.cs:621 
  at DG.Tweening.Plugins.Vector3Plugin.EvaluateAndApply (DG.Tweening.Plugins.Options.VectorOptions options, DG.Tweening.Tween t, System.Boolean isRelative, DG.Tweening.Core.DOGetter`1[T] getter, DG.Tweening.Core.DOSetter`1[T] setter, System.Single elapsed, UnityEngine.Vector3 startValue, UnityEngine.Vector3 changeValue, System.Single duration, System.Boolean usingInversePosition, System.Int32 newCompletedSteps, DG.Tweening.Core.Enums.UpdateNotice updateNotice) [0x0022b] in D:\DG\_Develop\__UNITY_ASSETS\_Demigiant\__DOTween\_DOTween.Assembly\DOTween\Plugins\Vector3Plugin.cs:159 
  at DG.Tweening.Core.TweenerCore`3[T1,T2,TPlugOptions].ApplyTween (System.Single prevPosition, System.Int32 prevCompletedLoops, System.Int32 newCompletedSteps, System.Boolean useInversePosition, DG.Tweening.Core.Enums.UpdateMode updateMode, DG.Tweening.Core.Enums.UpdateNotice updateNotice) [0x00030] in D:\DG\_Develop\__UNITY_ASSETS\_Demigiant\__DOTween\_DOTween.Assembly\DOTween\Core\TweenerCore.cs:261 

UnityEngine.Debug:ExtractStackTraceNoAlloc (byte*,int,string)
UnityEngine.StackTraceUtility:ExtractStackTrace ()
UnityEngine.DebugLogHandler:Internal_Log (UnityEngine.LogType,UnityEngine.LogOption,string,UnityEngine.Object)
UnityEngine.DebugLogHandler:LogFormat (UnityEngine.LogType,UnityEngine.Object,string,object[])
UnityEngine.Logger:Log (UnityEngine.LogType,object)
UnityEngine.Debug:LogWarning (object)
DG.Tweening.Core.Debugger:LogSafeModeCapturedError (object,DG.Tweening.Tween) (at D:/DG/_Develop/__UNITY_ASSETS/_Demigiant/__DOTween/_DOTween.Assembly/DOTween/Core/Debugger.cs:61)
DG.Tweening.Core.TweenerCore`3<UnityEngine.Vector3, UnityEngine.Vector3, DG.Tweening.Plugins.Options.VectorOptions>:ApplyTween (single,int,int,bool,DG.Tweening.Core.Enums.UpdateMode,DG.Tweening.Core.Enums.UpdateNotice) (at D:/DG/_Develop/__UNITY_ASSETS/_Demigiant/__DOTween/_DOTween.Assembly/DOTween/Core/TweenerCore.cs:265)
DG.Tweening.Tween:DoGoto (DG.Tweening.Tween,single,int,DG.Tweening.Core.Enums.UpdateMode) (at D:/DG/_Develop/__UNITY_ASSETS/_Demigiant/__DOTween/_DOTween.Assembly/DOTween/Tween.cs:266)
DG.Tweening.Core.TweenManager:Goto (DG.Tweening.Tween,single,bool,DG.Tweening.Core.Enums.UpdateMode) (at D:/DG/_Develop/__UNITY_ASSETS/_Demigiant/__DOTween/_DOTween.Assembly/DOTween/Core/TweenManager.cs:803)
DG.Tweening.Sequence:ApplyInternalCycle (DG.Tweening.Sequence,single,single,DG.Tweening.Core.Enums.UpdateMode,bool,bool,bool) (at D:/DG/_Develop/__UNITY_ASSETS/_Demigiant/__DOTween/_DOTween.Assembly/DOTween/Sequence.cs:369)
DG.Tweening.Sequence:DoApplyTween (DG.Tweening.Sequence,single,int,int,bool,DG.Tweening.Core.Enums.UpdateMode) (at D:/DG/_Develop/__UNITY_ASSETS/_Demigiant/__DOTween/_DOTween.Assembly/DOTween/Sequence.cs:252)
DG.Tweening.Sequence:ApplyTween (single,int,int,bool,DG.Tweening.Core.Enums.UpdateMode,DG.Tweening.Core.Enums.UpdateNotice) (at D:/DG/_Develop/__UNITY_ASSETS/_Demigiant/__DOTween/_DOTween.Assembly/DOTween/Sequence.cs:166)
DG.Tweening.Tween:DoGoto (DG.Tweening.Tween,single,int,DG.Tweening.Core.Enums.UpdateMode) (at D:/DG/_Develop/__UNITY_ASSETS/_Demigiant/__DOTween/_DOTween.Assembly/DOTween/Tween.cs:266)
DG.Tweening.Core.TweenManager:Update (DG.Tweening.Tween,single,single,bool) (at D:/DG/_Develop/__UNITY_ASSETS/_Demigiant/__DOTween/_DOTween.Assembly/DOTween/Core/TweenManager.cs:596)
DG.Tweening.Core.TweenManager:Update (DG.Tweening.UpdateType,single,single) (at D:/DG/_Develop/__UNITY_ASSETS/_Demigiant/__DOTween/_DOTween.Assembly/DOTween/Core/TweenManager.cs:444)
DG.Tweening.Core.DOTweenComponent:Update () (at D:/DG/_Develop/__UNITY_ASSETS/_Demigiant/__DOTween/_DOTween.Assembly/DOTween/Core/DOTweenComponent.cs:75)

(Filename: D:/DG/_Develop/__UNITY_ASSETS/_Demigiant/__DOTween/_DOTween.Assembly/DOTween/Core/Debugger.cs Line: 61)

<color=#0099bc><b>DOTWEEN ► </b></color>Target or field is missing/null (Void TryThrowEditorNullExceptionObject(UnityEngine.Object, System.String)) ► The object of type 'UnityEngine.RectTransform' has been destroyed but you are still trying to access it.
Your script should either check if it is null or you should not destroy the object.

  at UnityEngine.Object+MarshalledUnityObject.TryThrowEditorNullExceptionObject (UnityEngine.Object unityObj, System.String parameterName) [0x00065] in <2f52b751ded44e96b74c2c8a24c6c65b>:0 
  at UnityEngine.Bindings.ThrowHelper.ThrowNullReferenceException (System.Object obj) [0x0000a] in <2f52b751ded44e96b74c2c8a24c6c65b>:0 
  at UnityEngine.Transform.set_localScale (UnityEngine.Vector3 value) [0x00006] in <2f52b751ded44e96b74c2c8a24c6c65b>:0 
  at DG.Tweening.ShortcutExtensions+<>c__DisplayClass44_0.<DOScale>b__1 (UnityEngine.Vector3 x) [0x00000] in D:\DG\_Develop\__UNITY_ASSETS\_Demigiant\__DOTween\_DOTween.Assembly\DOTween\ShortcutExtensions.cs:621 
  at DG.Tweening.Plugins.Vector3Plugin.EvaluateAndApply (DG.Tweening.Plugins.Options.VectorOptions options, DG.Tweening.Tween t, System.Boolean isRelative, DG.Tweening.Core.DOGetter`1[T] getter, DG.Tweening.Core.DOSetter`1[T] setter, System.Single elapsed, UnityEngine.Vector3 startValue, UnityEngine.Vector3 changeValue, System.Single duration, System.Boolean usingInversePosition, System.Int32 newCompletedSteps, DG.Tweening.Core.Enums.UpdateNotice updateNotice) [0x0022b] in D:\DG\_Develop\__UNITY_ASSETS\_Demigiant\__DOTween\_DOTween.Assembly\DOTween\Plugins\Vector3Plugin.cs:159 
  at DG.Tweening.Core.TweenerCore`3[T1,T2,TPlugOptions].ApplyTween (System.Single prevPosition, System.Int32 prevCompletedLoops, System.Int32 newCompletedSteps, System.Boolean useInversePosition, DG.Tweening.Core.Enums.UpdateMode updateMode, DG.Tweening.Core.Enums.UpdateNotice updateNotice) [0x00030] in D:\DG\_Develop\__UNITY_ASSETS\_Demigiant\__DOTween\_DOTween.Assembly\DOTween\Core\TweenerCore.cs:261 

UnityEngine.Debug:ExtractStackTraceNoAlloc (byte*,int,string)
UnityEngine.StackTraceUtility:ExtractStackTrace ()
UnityEngine.DebugLogHandler:Internal_Log (UnityEngine.LogType,UnityEngine.LogOption,string,UnityEngine.Object)
UnityEngine.DebugLogHandler:LogFormat (UnityEngine.LogType,UnityEngine.Object,string,object[])
UnityEngine.Logger:Log (UnityEngine.LogType,object)
UnityEngine.Debug:LogWarning (object)
DG.Tweening.Core.Debugger:LogSafeModeCapturedError (object,DG.Tweening.Tween) (at D:/DG/_Develop/__UNITY_ASSETS/_Demigiant/__DOTween/_DOTween.Assembly/DOTween/Core/Debugger.cs:61)
DG.Tweening.Core.TweenerCore`3<UnityEngine.Vector3, UnityEngine.Vector3, DG.Tweening.Plugins.Options.VectorOptions>:ApplyTween (single,int,int,bool,DG.Tweening.Core.Enums.UpdateMode,DG.Tweening.Core.Enums.UpdateNotice) (at D:/DG/_Develop/__UNITY_ASSETS/_Demigiant/__DOTween/_DOTween.Assembly/DOTween/Core/TweenerCore.cs:265)
DG.Tweening.Tween:DoGoto (DG.Tweening.Tween,single,int,DG.Tweening.Core.Enums.UpdateMode) (at D:/DG/_Develop/__UNITY_ASSETS/_Demigiant/__DOTween/_DOTween.Assembly/DOTween/Tween.cs:266)
DG.Tweening.Core.TweenManager:Goto (DG.Tweening.Tween,single,bool,DG.Tweening.Core.Enums.UpdateMode) (at D:/DG/_Develop/__UNITY_ASSETS/_Demigiant/__DOTween/_DOTween.Assembly/DOTween/Core/TweenManager.cs:803)
DG.Tweening.Sequence:ApplyInternalCycle (DG.Tweening.Sequence,single,single,DG.Tweening.Core.Enums.UpdateMode,bool,bool,bool) (at D:/DG/_Develop/__UNITY_ASSETS/_Demigiant/__DOTween/_DOTween.Assembly/DOTween/Sequence.cs:369)
DG.Tweening.Sequence:DoApplyTween (DG.Tweening.Sequence,single,int,int,bool,DG.Tweening.Core.Enums.UpdateMode) (at D:/DG/_Develop/__UNITY_ASSETS/_Demigiant/__DOTween/_DOTween.Assembly/DOTween/Sequence.cs:252)
DG.Tweening.Sequence:ApplyTween (single,int,int,bool,DG.Tweening.Core.Enums.UpdateMode,DG.Tweening.Core.Enums.UpdateNotice) (at D:/DG/_Develop/__UNITY_ASSETS/_Demigiant/__DOTween/_DOTween.Assembly/DOTween/Sequence.cs:166)
DG.Tweening.Tween:DoGoto (DG.Tweening.Tween,single,int,DG.Tweening.Core.Enums.UpdateMode) (at D:/DG/_Develop/__UNITY_ASSETS/_Demigiant/__DOTween/_DOTween.Assembly/DOTween/Tween.cs:266)
DG.Tweening.Core.TweenManager:Update (DG.Tweening.Tween,single,single,bool) (at D:/DG/_Develop/__UNITY_ASSETS/_Demigiant/__DOTween/_DOTween.Assembly/DOTween/Core/TweenManager.cs:596)
DG.Tweening.Core.TweenManager:Update (DG.Tweening.UpdateType,single,single) (at D:/DG/_Develop/__UNITY_ASSETS/_Demigiant/__DOTween/_DOTween.Assembly/DOTween/Core/TweenManager.cs:444)
DG.Tweening.Core.DOTweenComponent:Update () (at D:/DG/_Develop/__UNITY_ASSETS/_Demigiant/__DOTween/_DOTween.Assembly/DOTween/Core/DOTweenComponent.cs:75)

(Filename: D:/DG/_Develop/__UNITY_ASSETS/_Demigiant/__DOTween/_DOTween.Assembly/DOTween/Core/Debugger.cs Line: 61)

<color=#0099bc><b>DOTWEEN ► </b></color>Target or field is missing/null (Void TryThrowEditorNullExceptionObject(UnityEngine.Object, System.String)) ► The object of type 'UnityEngine.RectTransform' has been destroyed but you are still trying to access it.
Your script should either check if it is null or you should not destroy the object.

  at UnityEngine.Object+MarshalledUnityObject.TryThrowEditorNullExceptionObject (UnityEngine.Object unityObj, System.String parameterName) [0x00065] in <2f52b751ded44e96b74c2c8a24c6c65b>:0 
  at UnityEngine.Bindings.ThrowHelper.ThrowNullReferenceException (System.Object obj) [0x0000a] in <2f52b751ded44e96b74c2c8a24c6c65b>:0 
  at UnityEngine.Transform.set_localScale (UnityEngine.Vector3 value) [0x00006] in <2f52b751ded44e96b74c2c8a24c6c65b>:0 
  at DG.Tweening.ShortcutExtensions+<>c__DisplayClass44_0.<DOScale>b__1 (UnityEngine.Vector3 x) [0x00000] in D:\DG\_Develop\__UNITY_ASSETS\_Demigiant\__DOTween\_DOTween.Assembly\DOTween\ShortcutExtensions.cs:621 
  at DG.Tweening.Plugins.Vector3Plugin.EvaluateAndApply (DG.Tweening.Plugins.Options.VectorOptions options, DG.Tweening.Tween t, System.Boolean isRelative, DG.Tweening.Core.DOGetter`1[T] getter, DG.Tweening.Core.DOSetter`1[T] setter, System.Single elapsed, UnityEngine.Vector3 startValue, UnityEngine.Vector3 changeValue, System.Single duration, System.Boolean usingInversePosition, System.Int32 newCompletedSteps, DG.Tweening.Core.Enums.UpdateNotice updateNotice) [0x0022b] in D:\DG\_Develop\__UNITY_ASSETS\_Demigiant\__DOTween\_DOTween.Assembly\DOTween\Plugins\Vector3Plugin.cs:159 
  at DG.Tweening.Core.TweenerCore`3[T1,T2,TPlugOptions].ApplyTween (System.Single prevPosition, System.Int32 prevCompletedLoops, System.Int32 newCompletedSteps, System.Boolean useInversePosition, DG.Tweening.Core.Enums.UpdateMode updateMode, DG.Tweening.Core.Enums.UpdateNotice updateNotice) [0x00030] in D:\DG\_Develop\__UNITY_ASSETS\_Demigiant\__DOTween\_DOTween.Assembly\DOTween\Core\TweenerCore.cs:261 

UnityEngine.Debug:ExtractStackTraceNoAlloc (byte*,int,string)
UnityEngine.StackTraceUtility:ExtractStackTrace ()
UnityEngine.DebugLogHandler:Internal_Log (UnityEngine.LogType,UnityEngine.LogOption,string,UnityEngine.Object)
UnityEngine.DebugLogHandler:LogFormat (UnityEngine.LogType,UnityEngine.Object,string,object[])
UnityEngine.Logger:Log (UnityEngine.LogType,object)
UnityEngine.Debug:LogWarning (object)
DG.Tweening.Core.Debugger:LogSafeModeCapturedError (object,DG.Tweening.Tween) (at D:/DG/_Develop/__UNITY_ASSETS/_Demigiant/__DOTween/_DOTween.Assembly/DOTween/Core/Debugger.cs:61)
DG.Tweening.Core.TweenerCore`3<UnityEngine.Vector3, UnityEngine.Vector3, DG.Tweening.Plugins.Options.VectorOptions>:ApplyTween (single,int,int,bool,DG.Tweening.Core.Enums.UpdateMode,DG.Tweening.Core.Enums.UpdateNotice) (at D:/DG/_Develop/__UNITY_ASSETS/_Demigiant/__DOTween/_DOTween.Assembly/DOTween/Core/TweenerCore.cs:265)
DG.Tweening.Tween:DoGoto (DG.Tweening.Tween,single,int,DG.Tweening.Core.Enums.UpdateMode) (at D:/DG/_Develop/__UNITY_ASSETS/_Demigiant/__DOTween/_DOTween.Assembly/DOTween/Tween.cs:266)
DG.Tweening.Core.TweenManager:Goto (DG.Tweening.Tween,single,bool,DG.Tweening.Core.Enums.UpdateMode) (at D:/DG/_Develop/__UNITY_ASSETS/_Demigiant/__DOTween/_DOTween.Assembly/DOTween/Core/TweenManager.cs:803)
DG.Tweening.Sequence:ApplyInternalCycle (DG.Tweening.Sequence,single,single,DG.Tweening.Core.Enums.UpdateMode,bool,bool,bool) (at D:/DG/_Develop/__UNITY_ASSETS/_Demigiant/__DOTween/_DOTween.Assembly/DOTween/Sequence.cs:369)
DG.Tweening.Sequence:DoApplyTween (DG.Tweening.Sequence,single,int,int,bool,DG.Tweening.Core.Enums.UpdateMode) (at D:/DG/_Develop/__UNITY_ASSETS/_Demigiant/__DOTween/_DOTween.Assembly/DOTween/Sequence.cs:252)
DG.Tweening.Sequence:ApplyTween (single,int,int,bool,DG.Tweening.Core.Enums.UpdateMode,DG.Tweening.Core.Enums.UpdateNotice) (at D:/DG/_Develop/__UNITY_ASSETS/_Demigiant/__DOTween/_DOTween.Assembly/DOTween/Sequence.cs:166)
DG.Tweening.Tween:DoGoto (DG.Tweening.Tween,single,int,DG.Tweening.Core.Enums.UpdateMode) (at D:/DG/_Develop/__UNITY_ASSETS/_Demigiant/__DOTween/_DOTween.Assembly/DOTween/Tween.cs:266)
DG.Tweening.Core.TweenManager:Update (DG.Tweening.Tween,single,single,bool) (at D:/DG/_Develop/__UNITY_ASSETS/_Demigiant/__DOTween/_DOTween.Assembly/DOTween/Core/TweenManager.cs:596)
DG.Tweening.Core.TweenManager:Update (DG.Tweening.UpdateType,single,single) (at D:/DG/_Develop/__UNITY_ASSETS/_Demigiant/__DOTween/_DOTween.Assembly/DOTween/Core/TweenManager.cs:444)
DG.Tweening.Core.DOTweenComponent:Update () (at D:/DG/_Develop/__UNITY_ASSETS/_Demigiant/__DOTween/_DOTween.Assembly/DOTween/Core/DOTweenComponent.cs:75)

(Filename: D:/DG/_Develop/__UNITY_ASSETS/_Demigiant/__DOTween/_DOTween.Assembly/DOTween/Core/Debugger.cs Line: 61)

<color=#0099bc><b>DOTWEEN ► </b></color>Target or field is missing/null (Void TryThrowEditorNullExceptionObject(UnityEngine.Object, System.String)) ► The object of type 'UnityEngine.RectTransform' has been destroyed but you are still trying to access it.
Your script should either check if it is null or you should not destroy the object.

  at UnityEngine.Object+MarshalledUnityObject.TryThrowEditorNullExceptionObject (UnityEngine.Object unityObj, System.String parameterName) [0x00065] in <2f52b751ded44e96b74c2c8a24c6c65b>:0 
  at UnityEngine.Bindings.ThrowHelper.ThrowNullReferenceException (System.Object obj) [0x0000a] in <2f52b751ded44e96b74c2c8a24c6c65b>:0 
  at UnityEngine.Transform.set_localScale (UnityEngine.Vector3 value) [0x00006] in <2f52b751ded44e96b74c2c8a24c6c65b>:0 
  at DG.Tweening.ShortcutExtensions+<>c__DisplayClass44_0.<DOScale>b__1 (UnityEngine.Vector3 x) [0x00000] in D:\DG\_Develop\__UNITY_ASSETS\_Demigiant\__DOTween\_DOTween.Assembly\DOTween\ShortcutExtensions.cs:621 
  at DG.Tweening.Plugins.Vector3Plugin.EvaluateAndApply (DG.Tweening.Plugins.Options.VectorOptions options, DG.Tweening.Tween t, System.Boolean isRelative, DG.Tweening.Core.DOGetter`1[T] getter, DG.Tweening.Core.DOSetter`1[T] setter, System.Single elapsed, UnityEngine.Vector3 startValue, UnityEngine.Vector3 changeValue, System.Single duration, System.Boolean usingInversePosition, System.Int32 newCompletedSteps, DG.Tweening.Core.Enums.UpdateNotice updateNotice) [0x0022b] in D:\DG\_Develop\__UNITY_ASSETS\_Demigiant\__DOTween\_DOTween.Assembly\DOTween\Plugins\Vector3Plugin.cs:159 
  at DG.Tweening.Core.TweenerCore`3[T1,T2,TPlugOptions].ApplyTween (System.Single prevPosition, System.Int32 prevCompletedLoops, System.Int32 newCompletedSteps, System.Boolean useInversePosition, DG.Tweening.Core.Enums.UpdateMode updateMode, DG.Tweening.Core.Enums.UpdateNotice updateNotice) [0x00030] in D:\DG\_Develop\__UNITY_ASSETS\_Demigiant\__DOTween\_DOTween.Assembly\DOTween\Core\TweenerCore.cs:261 

UnityEngine.Debug:ExtractStackTraceNoAlloc (byte*,int,string)
UnityEngine.StackTraceUtility:ExtractStackTrace ()
UnityEngine.DebugLogHandler:Internal_Log (UnityEngine.LogType,UnityEngine.LogOption,string,UnityEngine.Object)
UnityEngine.DebugLogHandler:LogFormat (UnityEngine.LogType,UnityEngine.Object,string,object[])
UnityEngine.Logger:Log (UnityEngine.LogType,object)
UnityEngine.Debug:LogWarning (object)
DG.Tweening.Core.Debugger:LogSafeModeCapturedError (object,DG.Tweening.Tween) (at D:/DG/_Develop/__UNITY_ASSETS/_Demigiant/__DOTween/_DOTween.Assembly/DOTween/Core/Debugger.cs:61)
DG.Tweening.Core.TweenerCore`3<UnityEngine.Vector3, UnityEngine.Vector3, DG.Tweening.Plugins.Options.VectorOptions>:ApplyTween (single,int,int,bool,DG.Tweening.Core.Enums.UpdateMode,DG.Tweening.Core.Enums.UpdateNotice) (at D:/DG/_Develop/__UNITY_ASSETS/_Demigiant/__DOTween/_DOTween.Assembly/DOTween/Core/TweenerCore.cs:265)
DG.Tweening.Tween:DoGoto (DG.Tweening.Tween,single,int,DG.Tweening.Core.Enums.UpdateMode) (at D:/DG/_Develop/__UNITY_ASSETS/_Demigiant/__DOTween/_DOTween.Assembly/DOTween/Tween.cs:266)
DG.Tweening.Core.TweenManager:Goto (DG.Tweening.Tween,single,bool,DG.Tweening.Core.Enums.UpdateMode) (at D:/DG/_Develop/__UNITY_ASSETS/_Demigiant/__DOTween/_DOTween.Assembly/DOTween/Core/TweenManager.cs:803)
DG.Tweening.Sequence:ApplyInternalCycle (DG.Tweening.Sequence,single,single,DG.Tweening.Core.Enums.UpdateMode,bool,bool,bool) (at D:/DG/_Develop/__UNITY_ASSETS/_Demigiant/__DOTween/_DOTween.Assembly/DOTween/Sequence.cs:369)
DG.Tweening.Sequence:DoApplyTween (DG.Tweening.Sequence,single,int,int,bool,DG.Tweening.Core.Enums.UpdateMode) (at D:/DG/_Develop/__UNITY_ASSETS/_Demigiant/__DOTween/_DOTween.Assembly/DOTween/Sequence.cs:252)
DG.Tweening.Sequence:ApplyTween (single,int,int,bool,DG.Tweening.Core.Enums.UpdateMode,DG.Tweening.Core.Enums.UpdateNotice) (at D:/DG/_Develop/__UNITY_ASSETS/_Demigiant/__DOTween/_DOTween.Assembly/DOTween/Sequence.cs:166)
DG.Tweening.Tween:DoGoto (DG.Tweening.Tween,single,int,DG.Tweening.Core.Enums.UpdateMode) (at D:/DG/_Develop/__UNITY_ASSETS/_Demigiant/__DOTween/_DOTween.Assembly/DOTween/Tween.cs:266)
DG.Tweening.Core.TweenManager:Update (DG.Tweening.Tween,single,single,bool) (at D:/DG/_Develop/__UNITY_ASSETS/_Demigiant/__DOTween/_DOTween.Assembly/DOTween/Core/TweenManager.cs:596)
DG.Tweening.Core.TweenManager:Update (DG.Tweening.UpdateType,single,single) (at D:/DG/_Develop/__UNITY_ASSETS/_Demigiant/__DOTween/_DOTween.Assembly/DOTween/Core/TweenManager.cs:444)
DG.Tweening.Core.DOTweenComponent:Update () (at D:/DG/_Develop/__UNITY_ASSETS/_Demigiant/__DOTween/_DOTween.Assembly/DOTween/Core/DOTweenComponent.cs:75)

(Filename: D:/DG/_Develop/__UNITY_ASSETS/_Demigiant/__DOTween/_DOTween.Assembly/DOTween/Core/Debugger.cs Line: 61)

<color=#0099bc><b>DOTWEEN ► </b></color>Target or field is missing/null (Void TryThrowEditorNullExceptionObject(UnityEngine.Object, System.String)) ► The object of type 'UnityEngine.RectTransform' has been destroyed but you are still trying to access it.
Your script should either check if it is null or you should not destroy the object.

  at UnityEngine.Object+MarshalledUnityObject.TryThrowEditorNullExceptionObject (UnityEngine.Object unityObj, System.String parameterName) [0x00065] in <2f52b751ded44e96b74c2c8a24c6c65b>:0 
  at UnityEngine.Bindings.ThrowHelper.ThrowNullReferenceException (System.Object obj) [0x0000a] in <2f52b751ded44e96b74c2c8a24c6c65b>:0 
  at UnityEngine.Transform.set_localScale (UnityEngine.Vector3 value) [0x00006] in <2f52b751ded44e96b74c2c8a24c6c65b>:0 
  at DG.Tweening.ShortcutExtensions+<>c__DisplayClass44_0.<DOScale>b__1 (UnityEngine.Vector3 x) [0x00000] in D:\DG\_Develop\__UNITY_ASSETS\_Demigiant\__DOTween\_DOTween.Assembly\DOTween\ShortcutExtensions.cs:621 
  at DG.Tweening.Plugins.Vector3Plugin.EvaluateAndApply (DG.Tweening.Plugins.Options.VectorOptions options, DG.Tweening.Tween t, System.Boolean isRelative, DG.Tweening.Core.DOGetter`1[T] getter, DG.Tweening.Core.DOSetter`1[T] setter, System.Single elapsed, UnityEngine.Vector3 startValue, UnityEngine.Vector3 changeValue, System.Single duration, System.Boolean usingInversePosition, System.Int32 newCompletedSteps, DG.Tweening.Core.Enums.UpdateNotice updateNotice) [0x0022b] in D:\DG\_Develop\__UNITY_ASSETS\_Demigiant\__DOTween\_DOTween.Assembly\DOTween\Plugins\Vector3Plugin.cs:159 
  at DG.Tweening.Core.TweenerCore`3[T1,T2,TPlugOptions].ApplyTween (System.Single prevPosition, System.Int32 prevCompletedLoops, System.Int32 newCompletedSteps, System.Boolean useInversePosition, DG.Tweening.Core.Enums.UpdateMode updateMode, DG.Tweening.Core.Enums.UpdateNotice updateNotice) [0x00030] in D:\DG\_Develop\__UNITY_ASSETS\_Demigiant\__DOTween\_DOTween.Assembly\DOTween\Core\TweenerCore.cs:261 

UnityEngine.Debug:ExtractStackTraceNoAlloc (byte*,int,string)
UnityEngine.StackTraceUtility:ExtractStackTrace ()
UnityEngine.DebugLogHandler:Internal_Log (UnityEngine.LogType,UnityEngine.LogOption,string,UnityEngine.Object)
UnityEngine.DebugLogHandler:LogFormat (UnityEngine.LogType,UnityEngine.Object,string,object[])
UnityEngine.Logger:Log (UnityEngine.LogType,object)
UnityEngine.Debug:LogWarning (object)
DG.Tweening.Core.Debugger:LogSafeModeCapturedError (object,DG.Tweening.Tween) (at D:/DG/_Develop/__UNITY_ASSETS/_Demigiant/__DOTween/_DOTween.Assembly/DOTween/Core/Debugger.cs:61)
DG.Tweening.Core.TweenerCore`3<UnityEngine.Vector3, UnityEngine.Vector3, DG.Tweening.Plugins.Options.VectorOptions>:ApplyTween (single,int,int,bool,DG.Tweening.Core.Enums.UpdateMode,DG.Tweening.Core.Enums.UpdateNotice) (at D:/DG/_Develop/__UNITY_ASSETS/_Demigiant/__DOTween/_DOTween.Assembly/DOTween/Core/TweenerCore.cs:265)
DG.Tweening.Tween:DoGoto (DG.Tweening.Tween,single,int,DG.Tweening.Core.Enums.UpdateMode) (at D:/DG/_Develop/__UNITY_ASSETS/_Demigiant/__DOTween/_DOTween.Assembly/DOTween/Tween.cs:266)
DG.Tweening.Core.TweenManager:Goto (DG.Tweening.Tween,single,bool,DG.Tweening.Core.Enums.UpdateMode) (at D:/DG/_Develop/__UNITY_ASSETS/_Demigiant/__DOTween/_DOTween.Assembly/DOTween/Core/TweenManager.cs:803)
DG.Tweening.Sequence:ApplyInternalCycle (DG.Tweening.Sequence,single,single,DG.Tweening.Core.Enums.UpdateMode,bool,bool,bool) (at D:/DG/_Develop/__UNITY_ASSETS/_Demigiant/__DOTween/_DOTween.Assembly/DOTween/Sequence.cs:369)
DG.Tweening.Sequence:DoApplyTween (DG.Tweening.Sequence,single,int,int,bool,DG.Tweening.Core.Enums.UpdateMode) (at D:/DG/_Develop/__UNITY_ASSETS/_Demigiant/__DOTween/_DOTween.Assembly/DOTween/Sequence.cs:252)
DG.Tweening.Sequence:ApplyTween (single,int,int,bool,DG.Tweening.Core.Enums.UpdateMode,DG.Tweening.Core.Enums.UpdateNotice) (at D:/DG/_Develop/__UNITY_ASSETS/_Demigiant/__DOTween/_DOTween.Assembly/DOTween/Sequence.cs:166)
DG.Tweening.Tween:DoGoto (DG.Tweening.Tween,single,int,DG.Tweening.Core.Enums.UpdateMode) (at D:/DG/_Develop/__UNITY_ASSETS/_Demigiant/__DOTween/_DOTween.Assembly/DOTween/Tween.cs:266)
DG.Tweening.Core.TweenManager:Update (DG.Tweening.Tween,single,single,bool) (at D:/DG/_Develop/__UNITY_ASSETS/_Demigiant/__DOTween/_DOTween.Assembly/DOTween/Core/TweenManager.cs:596)
DG.Tweening.Core.TweenManager:Update (DG.Tweening.UpdateType,single,single) (at D:/DG/_Develop/__UNITY_ASSETS/_Demigiant/__DOTween/_DOTween.Assembly/DOTween/Core/TweenManager.cs:444)
DG.Tweening.Core.DOTweenComponent:Update () (at D:/DG/_Develop/__UNITY_ASSETS/_Demigiant/__DOTween/_DOTween.Assembly/DOTween/Core/DOTweenComponent.cs:75)

(Filename: D:/DG/_Develop/__UNITY_ASSETS/_Demigiant/__DOTween/_DOTween.Assembly/DOTween/Core/Debugger.cs Line: 61)

<color=#0099bc><b>DOTWEEN ► </b></color>Target or field is missing/null (Void TryThrowEditorNullExceptionObject(UnityEngine.Object, System.String)) ► The object of type 'UnityEngine.RectTransform' has been destroyed but you are still trying to access it.
Your script should either check if it is null or you should not destroy the object.

  at UnityEngine.Object+MarshalledUnityObject.TryThrowEditorNullExceptionObject (UnityEngine.Object unityObj, System.String parameterName) [0x00065] in <2f52b751ded44e96b74c2c8a24c6c65b>:0 
  at UnityEngine.Bindings.ThrowHelper.ThrowNullReferenceException (System.Object obj) [0x0000a] in <2f52b751ded44e96b74c2c8a24c6c65b>:0 
  at UnityEngine.Transform.set_localScale (UnityEngine.Vector3 value) [0x00006] in <2f52b751ded44e96b74c2c8a24c6c65b>:0 
  at DG.Tweening.ShortcutExtensions+<>c__DisplayClass44_0.<DOScale>b__1 (UnityEngine.Vector3 x) [0x00000] in D:\DG\_Develop\__UNITY_ASSETS\_Demigiant\__DOTween\_DOTween.Assembly\DOTween\ShortcutExtensions.cs:621 
  at DG.Tweening.Plugins.Vector3Plugin.EvaluateAndApply (DG.Tweening.Plugins.Options.VectorOptions options, DG.Tweening.Tween t, System.Boolean isRelative, DG.Tweening.Core.DOGetter`1[T] getter, DG.Tweening.Core.DOSetter`1[T] setter, System.Single elapsed, UnityEngine.Vector3 startValue, UnityEngine.Vector3 changeValue, System.Single duration, System.Boolean usingInversePosition, System.Int32 newCompletedSteps, DG.Tweening.Core.Enums.UpdateNotice updateNotice) [0x0022b] in D:\DG\_Develop\__UNITY_ASSETS\_Demigiant\__DOTween\_DOTween.Assembly\DOTween\Plugins\Vector3Plugin.cs:159 
  at DG.Tweening.Core.TweenerCore`3[T1,T2,TPlugOptions].ApplyTween (System.Single prevPosition, System.Int32 prevCompletedLoops, System.Int32 newCompletedSteps, System.Boolean useInversePosition, DG.Tweening.Core.Enums.UpdateMode updateMode, DG.Tweening.Core.Enums.UpdateNotice updateNotice) [0x00030] in D:\DG\_Develop\__UNITY_ASSETS\_Demigiant\__DOTween\_DOTween.Assembly\DOTween\Core\TweenerCore.cs:261 

UnityEngine.Debug:ExtractStackTraceNoAlloc (byte*,int,string)
UnityEngine.StackTraceUtility:ExtractStackTrace ()
UnityEngine.DebugLogHandler:Internal_Log (UnityEngine.LogType,UnityEngine.LogOption,string,UnityEngine.Object)
UnityEngine.DebugLogHandler:LogFormat (UnityEngine.LogType,UnityEngine.Object,string,object[])
UnityEngine.Logger:Log (UnityEngine.LogType,object)
UnityEngine.Debug:LogWarning (object)
DG.Tweening.Core.Debugger:LogSafeModeCapturedError (object,DG.Tweening.Tween) (at D:/DG/_Develop/__UNITY_ASSETS/_Demigiant/__DOTween/_DOTween.Assembly/DOTween/Core/Debugger.cs:61)
DG.Tweening.Core.TweenerCore`3<UnityEngine.Vector3, UnityEngine.Vector3, DG.Tweening.Plugins.Options.VectorOptions>:ApplyTween (single,int,int,bool,DG.Tweening.Core.Enums.UpdateMode,DG.Tweening.Core.Enums.UpdateNotice) (at D:/DG/_Develop/__UNITY_ASSETS/_Demigiant/__DOTween/_DOTween.Assembly/DOTween/Core/TweenerCore.cs:265)
DG.Tweening.Tween:DoGoto (DG.Tweening.Tween,single,int,DG.Tweening.Core.Enums.UpdateMode) (at D:/DG/_Develop/__UNITY_ASSETS/_Demigiant/__DOTween/_DOTween.Assembly/DOTween/Tween.cs:266)
DG.Tweening.Core.TweenManager:Goto (DG.Tweening.Tween,single,bool,DG.Tweening.Core.Enums.UpdateMode) (at D:/DG/_Develop/__UNITY_ASSETS/_Demigiant/__DOTween/_DOTween.Assembly/DOTween/Core/TweenManager.cs:803)
DG.Tweening.Sequence:ApplyInternalCycle (DG.Tweening.Sequence,single,single,DG.Tweening.Core.Enums.UpdateMode,bool,bool,bool) (at D:/DG/_Develop/__UNITY_ASSETS/_Demigiant/__DOTween/_DOTween.Assembly/DOTween/Sequence.cs:369)
DG.Tweening.Sequence:DoApplyTween (DG.Tweening.Sequence,single,int,int,bool,DG.Tweening.Core.Enums.UpdateMode) (at D:/DG/_Develop/__UNITY_ASSETS/_Demigiant/__DOTween/_DOTween.Assembly/DOTween/Sequence.cs:252)
DG.Tweening.Sequence:ApplyTween (single,int,int,bool,DG.Tweening.Core.Enums.UpdateMode,DG.Tweening.Core.Enums.UpdateNotice) (at D:/DG/_Develop/__UNITY_ASSETS/_Demigiant/__DOTween/_DOTween.Assembly/DOTween/Sequence.cs:166)
DG.Tweening.Tween:DoGoto (DG.Tweening.Tween,single,int,DG.Tweening.Core.Enums.UpdateMode) (at D:/DG/_Develop/__UNITY_ASSETS/_Demigiant/__DOTween/_DOTween.Assembly/DOTween/Tween.cs:266)
DG.Tweening.Core.TweenManager:Update (DG.Tweening.Tween,single,single,bool) (at D:/DG/_Develop/__UNITY_ASSETS/_Demigiant/__DOTween/_DOTween.Assembly/DOTween/Core/TweenManager.cs:596)
DG.Tweening.Core.TweenManager:Update (DG.Tweening.UpdateType,single,single) (at D:/DG/_Develop/__UNITY_ASSETS/_Demigiant/__DOTween/_DOTween.Assembly/DOTween/Core/TweenManager.cs:444)
DG.Tweening.Core.DOTweenComponent:Update () (at D:/DG/_Develop/__UNITY_ASSETS/_Demigiant/__DOTween/_DOTween.Assembly/DOTween/Core/DOTweenComponent.cs:75)

(Filename: D:/DG/_Develop/__UNITY_ASSETS/_Demigiant/__DOTween/_DOTween.Assembly/DOTween/Core/Debugger.cs Line: 61)

<color=#0099bc><b>DOTWEEN ► </b></color>Target or field is missing/null (Void TryThrowEditorNullExceptionObject(UnityEngine.Object, System.String)) ► The object of type 'UnityEngine.RectTransform' has been destroyed but you are still trying to access it.
Your script should either check if it is null or you should not destroy the object.

  at UnityEngine.Object+MarshalledUnityObject.TryThrowEditorNullExceptionObject (UnityEngine.Object unityObj, System.String parameterName) [0x00065] in <2f52b751ded44e96b74c2c8a24c6c65b>:0 
  at UnityEngine.Bindings.ThrowHelper.ThrowNullReferenceException (System.Object obj) [0x0000a] in <2f52b751ded44e96b74c2c8a24c6c65b>:0 
  at UnityEngine.Transform.set_localScale (UnityEngine.Vector3 value) [0x00006] in <2f52b751ded44e96b74c2c8a24c6c65b>:0 
  at DG.Tweening.ShortcutExtensions+<>c__DisplayClass44_0.<DOScale>b__1 (UnityEngine.Vector3 x) [0x00000] in D:\DG\_Develop\__UNITY_ASSETS\_Demigiant\__DOTween\_DOTween.Assembly\DOTween\ShortcutExtensions.cs:621 
  at DG.Tweening.Plugins.Vector3Plugin.EvaluateAndApply (DG.Tweening.Plugins.Options.VectorOptions options, DG.Tweening.Tween t, System.Boolean isRelative, DG.Tweening.Core.DOGetter`1[T] getter, DG.Tweening.Core.DOSetter`1[T] setter, System.Single elapsed, UnityEngine.Vector3 startValue, UnityEngine.Vector3 changeValue, System.Single duration, System.Boolean usingInversePosition, System.Int32 newCompletedSteps, DG.Tweening.Core.Enums.UpdateNotice updateNotice) [0x0022b] in D:\DG\_Develop\__UNITY_ASSETS\_Demigiant\__DOTween\_DOTween.Assembly\DOTween\Plugins\Vector3Plugin.cs:159 
  at DG.Tweening.Core.TweenerCore`3[T1,T2,TPlugOptions].ApplyTween (System.Single prevPosition, System.Int32 prevCompletedLoops, System.Int32 newCompletedSteps, System.Boolean useInversePosition, DG.Tweening.Core.Enums.UpdateMode updateMode, DG.Tweening.Core.Enums.UpdateNotice updateNotice) [0x00030] in D:\DG\_Develop\__UNITY_ASSETS\_Demigiant\__DOTween\_DOTween.Assembly\DOTween\Core\TweenerCore.cs:261 

UnityEngine.Debug:ExtractStackTraceNoAlloc (byte*,int,string)
UnityEngine.StackTraceUtility:ExtractStackTrace ()
UnityEngine.DebugLogHandler:Internal_Log (UnityEngine.LogType,UnityEngine.LogOption,string,UnityEngine.Object)
UnityEngine.DebugLogHandler:LogFormat (UnityEngine.LogType,UnityEngine.Object,string,object[])
UnityEngine.Logger:Log (UnityEngine.LogType,object)
UnityEngine.Debug:LogWarning (object)
DG.Tweening.Core.Debugger:LogSafeModeCapturedError (object,DG.Tweening.Tween) (at D:/DG/_Develop/__UNITY_ASSETS/_Demigiant/__DOTween/_DOTween.Assembly/DOTween/Core/Debugger.cs:61)
DG.Tweening.Core.TweenerCore`3<UnityEngine.Vector3, UnityEngine.Vector3, DG.Tweening.Plugins.Options.VectorOptions>:ApplyTween (single,int,int,bool,DG.Tweening.Core.Enums.UpdateMode,DG.Tweening.Core.Enums.UpdateNotice) (at D:/DG/_Develop/__UNITY_ASSETS/_Demigiant/__DOTween/_DOTween.Assembly/DOTween/Core/TweenerCore.cs:265)
DG.Tweening.Tween:DoGoto (DG.Tweening.Tween,single,int,DG.Tweening.Core.Enums.UpdateMode) (at D:/DG/_Develop/__UNITY_ASSETS/_Demigiant/__DOTween/_DOTween.Assembly/DOTween/Tween.cs:266)
DG.Tweening.Core.TweenManager:Goto (DG.Tweening.Tween,single,bool,DG.Tweening.Core.Enums.UpdateMode) (at D:/DG/_Develop/__UNITY_ASSETS/_Demigiant/__DOTween/_DOTween.Assembly/DOTween/Core/TweenManager.cs:803)
DG.Tweening.Sequence:ApplyInternalCycle (DG.Tweening.Sequence,single,single,DG.Tweening.Core.Enums.UpdateMode,bool,bool,bool) (at D:/DG/_Develop/__UNITY_ASSETS/_Demigiant/__DOTween/_DOTween.Assembly/DOTween/Sequence.cs:369)
DG.Tweening.Sequence:DoApplyTween (DG.Tweening.Sequence,single,int,int,bool,DG.Tweening.Core.Enums.UpdateMode) (at D:/DG/_Develop/__UNITY_ASSETS/_Demigiant/__DOTween/_DOTween.Assembly/DOTween/Sequence.cs:252)
DG.Tweening.Sequence:ApplyTween (single,int,int,bool,DG.Tweening.Core.Enums.UpdateMode,DG.Tweening.Core.Enums.UpdateNotice) (at D:/DG/_Develop/__UNITY_ASSETS/_Demigiant/__DOTween/_DOTween.Assembly/DOTween/Sequence.cs:166)
DG.Tweening.Tween:DoGoto (DG.Tweening.Tween,single,int,DG.Tweening.Core.Enums.UpdateMode) (at D:/DG/_Develop/__UNITY_ASSETS/_Demigiant/__DOTween/_DOTween.Assembly/DOTween/Tween.cs:266)
DG.Tweening.Core.TweenManager:Update (DG.Tweening.Tween,single,single,bool) (at D:/DG/_Develop/__UNITY_ASSETS/_Demigiant/__DOTween/_DOTween.Assembly/DOTween/Core/TweenManager.cs:596)
DG.Tweening.Core.TweenManager:Update (DG.Tweening.UpdateType,single,single) (at D:/DG/_Develop/__UNITY_ASSETS/_Demigiant/__DOTween/_DOTween.Assembly/DOTween/Core/TweenManager.cs:444)
DG.Tweening.Core.DOTweenComponent:Update () (at D:/DG/_Develop/__UNITY_ASSETS/_Demigiant/__DOTween/_DOTween.Assembly/DOTween/Core/DOTweenComponent.cs:75)

(Filename: D:/DG/_Develop/__UNITY_ASSETS/_Demigiant/__DOTween/_DOTween.Assembly/DOTween/Core/Debugger.cs Line: 61)

<color=#0099bc><b>DOTWEEN ► </b></color>Target or field is missing/null (Void TryThrowEditorNullExceptionObject(UnityEngine.Object, System.String)) ► The object of type 'UnityEngine.RectTransform' has been destroyed but you are still trying to access it.
Your script should either check if it is null or you should not destroy the object.

  at UnityEngine.Object+MarshalledUnityObject.TryThrowEditorNullExceptionObject (UnityEngine.Object unityObj, System.String parameterName) [0x00065] in <2f52b751ded44e96b74c2c8a24c6c65b>:0 
  at UnityEngine.Bindings.ThrowHelper.ThrowNullReferenceException (System.Object obj) [0x0000a] in <2f52b751ded44e96b74c2c8a24c6c65b>:0 
  at UnityEngine.Transform.set_localScale (UnityEngine.Vector3 value) [0x00006] in <2f52b751ded44e96b74c2c8a24c6c65b>:0 
  at DG.Tweening.ShortcutExtensions+<>c__DisplayClass44_0.<DOScale>b__1 (UnityEngine.Vector3 x) [0x00000] in D:\DG\_Develop\__UNITY_ASSETS\_Demigiant\__DOTween\_DOTween.Assembly\DOTween\ShortcutExtensions.cs:621 
  at DG.Tweening.Plugins.Vector3Plugin.EvaluateAndApply (DG.Tweening.Plugins.Options.VectorOptions options, DG.Tweening.Tween t, System.Boolean isRelative, DG.Tweening.Core.DOGetter`1[T] getter, DG.Tweening.Core.DOSetter`1[T] setter, System.Single elapsed, UnityEngine.Vector3 startValue, UnityEngine.Vector3 changeValue, System.Single duration, System.Boolean usingInversePosition, System.Int32 newCompletedSteps, DG.Tweening.Core.Enums.UpdateNotice updateNotice) [0x0022b] in D:\DG\_Develop\__UNITY_ASSETS\_Demigiant\__DOTween\_DOTween.Assembly\DOTween\Plugins\Vector3Plugin.cs:159 
  at DG.Tweening.Core.TweenerCore`3[T1,T2,TPlugOptions].ApplyTween (System.Single prevPosition, System.Int32 prevCompletedLoops, System.Int32 newCompletedSteps, System.Boolean useInversePosition, DG.Tweening.Core.Enums.UpdateMode updateMode, DG.Tweening.Core.Enums.UpdateNotice updateNotice) [0x00030] in D:\DG\_Develop\__UNITY_ASSETS\_Demigiant\__DOTween\_DOTween.Assembly\DOTween\Core\TweenerCore.cs:261 

UnityEngine.Debug:ExtractStackTraceNoAlloc (byte*,int,string)
UnityEngine.StackTraceUtility:ExtractStackTrace ()
UnityEngine.DebugLogHandler:Internal_Log (UnityEngine.LogType,UnityEngine.LogOption,string,UnityEngine.Object)
UnityEngine.DebugLogHandler:LogFormat (UnityEngine.LogType,UnityEngine.Object,string,object[])
UnityEngine.Logger:Log (UnityEngine.LogType,object)
UnityEngine.Debug:LogWarning (object)
DG.Tweening.Core.Debugger:LogSafeModeCapturedError (object,DG.Tweening.Tween) (at D:/DG/_Develop/__UNITY_ASSETS/_Demigiant/__DOTween/_DOTween.Assembly/DOTween/Core/Debugger.cs:61)
DG.Tweening.Core.TweenerCore`3<UnityEngine.Vector3, UnityEngine.Vector3, DG.Tweening.Plugins.Options.VectorOptions>:ApplyTween (single,int,int,bool,DG.Tweening.Core.Enums.UpdateMode,DG.Tweening.Core.Enums.UpdateNotice) (at D:/DG/_Develop/__UNITY_ASSETS/_Demigiant/__DOTween/_DOTween.Assembly/DOTween/Core/TweenerCore.cs:265)
DG.Tweening.Tween:DoGoto (DG.Tweening.Tween,single,int,DG.Tweening.Core.Enums.UpdateMode) (at D:/DG/_Develop/__UNITY_ASSETS/_Demigiant/__DOTween/_DOTween.Assembly/DOTween/Tween.cs:266)
DG.Tweening.Core.TweenManager:Goto (DG.Tweening.Tween,single,bool,DG.Tweening.Core.Enums.UpdateMode) (at D:/DG/_Develop/__UNITY_ASSETS/_Demigiant/__DOTween/_DOTween.Assembly/DOTween/Core/TweenManager.cs:803)
DG.Tweening.Sequence:ApplyInternalCycle (DG.Tweening.Sequence,single,single,DG.Tweening.Core.Enums.UpdateMode,bool,bool,bool) (at D:/DG/_Develop/__UNITY_ASSETS/_Demigiant/__DOTween/_DOTween.Assembly/DOTween/Sequence.cs:369)
DG.Tweening.Sequence:DoApplyTween (DG.Tweening.Sequence,single,int,int,bool,DG.Tweening.Core.Enums.UpdateMode) (at D:/DG/_Develop/__UNITY_ASSETS/_Demigiant/__DOTween/_DOTween.Assembly/DOTween/Sequence.cs:252)
DG.Tweening.Sequence:ApplyTween (single,int,int,bool,DG.Tweening.Core.Enums.UpdateMode,DG.Tweening.Core.Enums.UpdateNotice) (at D:/DG/_Develop/__UNITY_ASSETS/_Demigiant/__DOTween/_DOTween.Assembly/DOTween/Sequence.cs:166)
DG.Tweening.Tween:DoGoto (DG.Tweening.Tween,single,int,DG.Tweening.Core.Enums.UpdateMode) (at D:/DG/_Develop/__UNITY_ASSETS/_Demigiant/__DOTween/_DOTween.Assembly/DOTween/Tween.cs:266)
DG.Tweening.Core.TweenManager:Update (DG.Tweening.Tween,single,single,bool) (at D:/DG/_Develop/__UNITY_ASSETS/_Demigiant/__DOTween/_DOTween.Assembly/DOTween/Core/TweenManager.cs:596)
DG.Tweening.Core.TweenManager:Update (DG.Tweening.UpdateType,single,single) (at D:/DG/_Develop/__UNITY_ASSETS/_Demigiant/__DOTween/_DOTween.Assembly/DOTween/Core/TweenManager.cs:444)
DG.Tweening.Core.DOTweenComponent:Update () (at D:/DG/_Develop/__UNITY_ASSETS/_Demigiant/__DOTween/_DOTween.Assembly/DOTween/Core/DOTweenComponent.cs:75)

(Filename: D:/DG/_Develop/__UNITY_ASSETS/_Demigiant/__DOTween/_DOTween.Assembly/DOTween/Core/Debugger.cs Line: 61)

<color=#0099bc><b>DOTWEEN ► </b></color>Target or field is missing/null (Void TryThrowEditorNullExceptionObject(UnityEngine.Object, System.String)) ► The object of type 'UnityEngine.RectTransform' has been destroyed but you are still trying to access it.
Your script should either check if it is null or you should not destroy the object.

  at UnityEngine.Object+MarshalledUnityObject.TryThrowEditorNullExceptionObject (UnityEngine.Object unityObj, System.String parameterName) [0x00065] in <2f52b751ded44e96b74c2c8a24c6c65b>:0 
  at UnityEngine.Bindings.ThrowHelper.ThrowNullReferenceException (System.Object obj) [0x0000a] in <2f52b751ded44e96b74c2c8a24c6c65b>:0 
  at UnityEngine.Transform.set_localScale (UnityEngine.Vector3 value) [0x00006] in <2f52b751ded44e96b74c2c8a24c6c65b>:0 
  at DG.Tweening.ShortcutExtensions+<>c__DisplayClass44_0.<DOScale>b__1 (UnityEngine.Vector3 x) [0x00000] in D:\DG\_Develop\__UNITY_ASSETS\_Demigiant\__DOTween\_DOTween.Assembly\DOTween\ShortcutExtensions.cs:621 
  at DG.Tweening.Plugins.Vector3Plugin.EvaluateAndApply (DG.Tweening.Plugins.Options.VectorOptions options, DG.Tweening.Tween t, System.Boolean isRelative, DG.Tweening.Core.DOGetter`1[T] getter, DG.Tweening.Core.DOSetter`1[T] setter, System.Single elapsed, UnityEngine.Vector3 startValue, UnityEngine.Vector3 changeValue, System.Single duration, System.Boolean usingInversePosition, System.Int32 newCompletedSteps, DG.Tweening.Core.Enums.UpdateNotice updateNotice) [0x0022b] in D:\DG\_Develop\__UNITY_ASSETS\_Demigiant\__DOTween\_DOTween.Assembly\DOTween\Plugins\Vector3Plugin.cs:159 
  at DG.Tweening.Core.TweenerCore`3[T1,T2,TPlugOptions].ApplyTween (System.Single prevPosition, System.Int32 prevCompletedLoops, System.Int32 newCompletedSteps, System.Boolean useInversePosition, DG.Tweening.Core.Enums.UpdateMode updateMode, DG.Tweening.Core.Enums.UpdateNotice updateNotice) [0x00030] in D:\DG\_Develop\__UNITY_ASSETS\_Demigiant\__DOTween\_DOTween.Assembly\DOTween\Core\TweenerCore.cs:261 

UnityEngine.Debug:ExtractStackTraceNoAlloc (byte*,int,string)
UnityEngine.StackTraceUtility:ExtractStackTrace ()
UnityEngine.DebugLogHandler:Internal_Log (UnityEngine.LogType,UnityEngine.LogOption,string,UnityEngine.Object)
UnityEngine.DebugLogHandler:LogFormat (UnityEngine.LogType,UnityEngine.Object,string,object[])
UnityEngine.Logger:Log (UnityEngine.LogType,object)
UnityEngine.Debug:LogWarning (object)
DG.Tweening.Core.Debugger:LogSafeModeCapturedError (object,DG.Tweening.Tween) (at D:/DG/_Develop/__UNITY_ASSETS/_Demigiant/__DOTween/_DOTween.Assembly/DOTween/Core/Debugger.cs:61)
DG.Tweening.Core.TweenerCore`3<UnityEngine.Vector3, UnityEngine.Vector3, DG.Tweening.Plugins.Options.VectorOptions>:ApplyTween (single,int,int,bool,DG.Tweening.Core.Enums.UpdateMode,DG.Tweening.Core.Enums.UpdateNotice) (at D:/DG/_Develop/__UNITY_ASSETS/_Demigiant/__DOTween/_DOTween.Assembly/DOTween/Core/TweenerCore.cs:265)
DG.Tweening.Tween:DoGoto (DG.Tweening.Tween,single,int,DG.Tweening.Core.Enums.UpdateMode) (at D:/DG/_Develop/__UNITY_ASSETS/_Demigiant/__DOTween/_DOTween.Assembly/DOTween/Tween.cs:266)
DG.Tweening.Core.TweenManager:Goto (DG.Tweening.Tween,single,bool,DG.Tweening.Core.Enums.UpdateMode) (at D:/DG/_Develop/__UNITY_ASSETS/_Demigiant/__DOTween/_DOTween.Assembly/DOTween/Core/TweenManager.cs:803)
DG.Tweening.Sequence:ApplyInternalCycle (DG.Tweening.Sequence,single,single,DG.Tweening.Core.Enums.UpdateMode,bool,bool,bool) (at D:/DG/_Develop/__UNITY_ASSETS/_Demigiant/__DOTween/_DOTween.Assembly/DOTween/Sequence.cs:369)
DG.Tweening.Sequence:DoApplyTween (DG.Tweening.Sequence,single,int,int,bool,DG.Tweening.Core.Enums.UpdateMode) (at D:/DG/_Develop/__UNITY_ASSETS/_Demigiant/__DOTween/_DOTween.Assembly/DOTween/Sequence.cs:252)
DG.Tweening.Sequence:ApplyTween (single,int,int,bool,DG.Tweening.Core.Enums.UpdateMode,DG.Tweening.Core.Enums.UpdateNotice) (at D:/DG/_Develop/__UNITY_ASSETS/_Demigiant/__DOTween/_DOTween.Assembly/DOTween/Sequence.cs:166)
DG.Tweening.Tween:DoGoto (DG.Tweening.Tween,single,int,DG.Tweening.Core.Enums.UpdateMode) (at D:/DG/_Develop/__UNITY_ASSETS/_Demigiant/__DOTween/_DOTween.Assembly/DOTween/Tween.cs:266)
DG.Tweening.Core.TweenManager:Update (DG.Tweening.Tween,single,single,bool) (at D:/DG/_Develop/__UNITY_ASSETS/_Demigiant/__DOTween/_DOTween.Assembly/DOTween/Core/TweenManager.cs:596)
DG.Tweening.Core.TweenManager:Update (DG.Tweening.UpdateType,single,single) (at D:/DG/_Develop/__UNITY_ASSETS/_Demigiant/__DOTween/_DOTween.Assembly/DOTween/Core/TweenManager.cs:444)
DG.Tweening.Core.DOTweenComponent:Update () (at D:/DG/_Develop/__UNITY_ASSETS/_Demigiant/__DOTween/_DOTween.Assembly/DOTween/Core/DOTweenComponent.cs:75)

(Filename: D:/DG/_Develop/__UNITY_ASSETS/_Demigiant/__DOTween/_DOTween.Assembly/DOTween/Core/Debugger.cs Line: 61)

<color=#0099bc><b>DOTWEEN ► </b></color>Target or field is missing/null (Void TryThrowEditorNullExceptionObject(UnityEngine.Object, System.String)) ► The object of type 'UnityEngine.RectTransform' has been destroyed but you are still trying to access it.
Your script should either check if it is null or you should not destroy the object.

  at UnityEngine.Object+MarshalledUnityObject.TryThrowEditorNullExceptionObject (UnityEngine.Object unityObj, System.String parameterName) [0x00065] in <2f52b751ded44e96b74c2c8a24c6c65b>:0 
  at UnityEngine.Bindings.ThrowHelper.ThrowNullReferenceException (System.Object obj) [0x0000a] in <2f52b751ded44e96b74c2c8a24c6c65b>:0 
  at UnityEngine.Transform.set_localScale (UnityEngine.Vector3 value) [0x00006] in <2f52b751ded44e96b74c2c8a24c6c65b>:0 
  at DG.Tweening.ShortcutExtensions+<>c__DisplayClass44_0.<DOScale>b__1 (UnityEngine.Vector3 x) [0x00000] in D:\DG\_Develop\__UNITY_ASSETS\_Demigiant\__DOTween\_DOTween.Assembly\DOTween\ShortcutExtensions.cs:621 
  at DG.Tweening.Plugins.Vector3Plugin.EvaluateAndApply (DG.Tweening.Plugins.Options.VectorOptions options, DG.Tweening.Tween t, System.Boolean isRelative, DG.Tweening.Core.DOGetter`1[T] getter, DG.Tweening.Core.DOSetter`1[T] setter, System.Single elapsed, UnityEngine.Vector3 startValue, UnityEngine.Vector3 changeValue, System.Single duration, System.Boolean usingInversePosition, System.Int32 newCompletedSteps, DG.Tweening.Core.Enums.UpdateNotice updateNotice) [0x0022b] in D:\DG\_Develop\__UNITY_ASSETS\_Demigiant\__DOTween\_DOTween.Assembly\DOTween\Plugins\Vector3Plugin.cs:159 
  at DG.Tweening.Core.TweenerCore`3[T1,T2,TPlugOptions].ApplyTween (System.Single prevPosition, System.Int32 prevCompletedLoops, System.Int32 newCompletedSteps, System.Boolean useInversePosition, DG.Tweening.Core.Enums.UpdateMode updateMode, DG.Tweening.Core.Enums.UpdateNotice updateNotice) [0x00030] in D:\DG\_Develop\__UNITY_ASSETS\_Demigiant\__DOTween\_DOTween.Assembly\DOTween\Core\TweenerCore.cs:261 

UnityEngine.Debug:ExtractStackTraceNoAlloc (byte*,int,string)
UnityEngine.StackTraceUtility:ExtractStackTrace ()
UnityEngine.DebugLogHandler:Internal_Log (UnityEngine.LogType,UnityEngine.LogOption,string,UnityEngine.Object)
UnityEngine.DebugLogHandler:LogFormat (UnityEngine.LogType,UnityEngine.Object,string,object[])
UnityEngine.Logger:Log (UnityEngine.LogType,object)
UnityEngine.Debug:LogWarning (object)
DG.Tweening.Core.Debugger:LogSafeModeCapturedError (object,DG.Tweening.Tween) (at D:/DG/_Develop/__UNITY_ASSETS/_Demigiant/__DOTween/_DOTween.Assembly/DOTween/Core/Debugger.cs:61)
DG.Tweening.Core.TweenerCore`3<UnityEngine.Vector3, UnityEngine.Vector3, DG.Tweening.Plugins.Options.VectorOptions>:ApplyTween (single,int,int,bool,DG.Tweening.Core.Enums.UpdateMode,DG.Tweening.Core.Enums.UpdateNotice) (at D:/DG/_Develop/__UNITY_ASSETS/_Demigiant/__DOTween/_DOTween.Assembly/DOTween/Core/TweenerCore.cs:265)
DG.Tweening.Tween:DoGoto (DG.Tweening.Tween,single,int,DG.Tweening.Core.Enums.UpdateMode) (at D:/DG/_Develop/__UNITY_ASSETS/_Demigiant/__DOTween/_DOTween.Assembly/DOTween/Tween.cs:266)
DG.Tweening.Core.TweenManager:Goto (DG.Tweening.Tween,single,bool,DG.Tweening.Core.Enums.UpdateMode) (at D:/DG/_Develop/__UNITY_ASSETS/_Demigiant/__DOTween/_DOTween.Assembly/DOTween/Core/TweenManager.cs:803)
DG.Tweening.Sequence:ApplyInternalCycle (DG.Tweening.Sequence,single,single,DG.Tweening.Core.Enums.UpdateMode,bool,bool,bool) (at D:/DG/_Develop/__UNITY_ASSETS/_Demigiant/__DOTween/_DOTween.Assembly/DOTween/Sequence.cs:369)
DG.Tweening.Sequence:DoApplyTween (DG.Tweening.Sequence,single,int,int,bool,DG.Tweening.Core.Enums.UpdateMode) (at D:/DG/_Develop/__UNITY_ASSETS/_Demigiant/__DOTween/_DOTween.Assembly/DOTween/Sequence.cs:252)
DG.Tweening.Sequence:ApplyTween (single,int,int,bool,DG.Tweening.Core.Enums.UpdateMode,DG.Tweening.Core.Enums.UpdateNotice) (at D:/DG/_Develop/__UNITY_ASSETS/_Demigiant/__DOTween/_DOTween.Assembly/DOTween/Sequence.cs:166)
DG.Tweening.Tween:DoGoto (DG.Tweening.Tween,single,int,DG.Tweening.Core.Enums.UpdateMode) (at D:/DG/_Develop/__UNITY_ASSETS/_Demigiant/__DOTween/_DOTween.Assembly/DOTween/Tween.cs:266)
DG.Tweening.Core.TweenManager:Update (DG.Tweening.Tween,single,single,bool) (at D:/DG/_Develop/__UNITY_ASSETS/_Demigiant/__DOTween/_DOTween.Assembly/DOTween/Core/TweenManager.cs:596)
DG.Tweening.Core.TweenManager:Update (DG.Tweening.UpdateType,single,single) (at D:/DG/_Develop/__UNITY_ASSETS/_Demigiant/__DOTween/_DOTween.Assembly/DOTween/Core/TweenManager.cs:444)
DG.Tweening.Core.DOTweenComponent:Update () (at D:/DG/_Develop/__UNITY_ASSETS/_Demigiant/__DOTween/_DOTween.Assembly/DOTween/Core/DOTweenComponent.cs:75)

(Filename: D:/DG/_Develop/__UNITY_ASSETS/_Demigiant/__DOTween/_DOTween.Assembly/DOTween/Core/Debugger.cs Line: 61)

<color=#0099bc><b>DOTWEEN ► </b></color>Target or field is missing/null (Void TryThrowEditorNullExceptionObject(UnityEngine.Object, System.String)) ► The object of type 'UnityEngine.RectTransform' has been destroyed but you are still trying to access it.
Your script should either check if it is null or you should not destroy the object.

  at UnityEngine.Object+MarshalledUnityObject.TryThrowEditorNullExceptionObject (UnityEngine.Object unityObj, System.String parameterName) [0x00065] in <2f52b751ded44e96b74c2c8a24c6c65b>:0 
  at UnityEngine.Bindings.ThrowHelper.ThrowNullReferenceException (System.Object obj) [0x0000a] in <2f52b751ded44e96b74c2c8a24c6c65b>:0 
  at UnityEngine.Transform.set_localScale (UnityEngine.Vector3 value) [0x00006] in <2f52b751ded44e96b74c2c8a24c6c65b>:0 
  at DG.Tweening.ShortcutExtensions+<>c__DisplayClass44_0.<DOScale>b__1 (UnityEngine.Vector3 x) [0x00000] in D:\DG\_Develop\__UNITY_ASSETS\_Demigiant\__DOTween\_DOTween.Assembly\DOTween\ShortcutExtensions.cs:621 
  at DG.Tweening.Plugins.Vector3Plugin.EvaluateAndApply (DG.Tweening.Plugins.Options.VectorOptions options, DG.Tweening.Tween t, System.Boolean isRelative, DG.Tweening.Core.DOGetter`1[T] getter, DG.Tweening.Core.DOSetter`1[T] setter, System.Single elapsed, UnityEngine.Vector3 startValue, UnityEngine.Vector3 changeValue, System.Single duration, System.Boolean usingInversePosition, System.Int32 newCompletedSteps, DG.Tweening.Core.Enums.UpdateNotice updateNotice) [0x0022b] in D:\DG\_Develop\__UNITY_ASSETS\_Demigiant\__DOTween\_DOTween.Assembly\DOTween\Plugins\Vector3Plugin.cs:159 
  at DG.Tweening.Core.TweenerCore`3[T1,T2,TPlugOptions].ApplyTween (System.Single prevPosition, System.Int32 prevCompletedLoops, System.Int32 newCompletedSteps, System.Boolean useInversePosition, DG.Tweening.Core.Enums.UpdateMode updateMode, DG.Tweening.Core.Enums.UpdateNotice updateNotice) [0x00030] in D:\DG\_Develop\__UNITY_ASSETS\_Demigiant\__DOTween\_DOTween.Assembly\DOTween\Core\TweenerCore.cs:261 

UnityEngine.Debug:ExtractStackTraceNoAlloc (byte*,int,string)
UnityEngine.StackTraceUtility:ExtractStackTrace ()
UnityEngine.DebugLogHandler:Internal_Log (UnityEngine.LogType,UnityEngine.LogOption,string,UnityEngine.Object)
UnityEngine.DebugLogHandler:LogFormat (UnityEngine.LogType,UnityEngine.Object,string,object[])
UnityEngine.Logger:Log (UnityEngine.LogType,object)
UnityEngine.Debug:LogWarning (object)
DG.Tweening.Core.Debugger:LogSafeModeCapturedError (object,DG.Tweening.Tween) (at D:/DG/_Develop/__UNITY_ASSETS/_Demigiant/__DOTween/_DOTween.Assembly/DOTween/Core/Debugger.cs:61)
DG.Tweening.Core.TweenerCore`3<UnityEngine.Vector3, UnityEngine.Vector3, DG.Tweening.Plugins.Options.VectorOptions>:ApplyTween (single,int,int,bool,DG.Tweening.Core.Enums.UpdateMode,DG.Tweening.Core.Enums.UpdateNotice) (at D:/DG/_Develop/__UNITY_ASSETS/_Demigiant/__DOTween/_DOTween.Assembly/DOTween/Core/TweenerCore.cs:265)
DG.Tweening.Tween:DoGoto (DG.Tweening.Tween,single,int,DG.Tweening.Core.Enums.UpdateMode) (at D:/DG/_Develop/__UNITY_ASSETS/_Demigiant/__DOTween/_DOTween.Assembly/DOTween/Tween.cs:266)
DG.Tweening.Core.TweenManager:Goto (DG.Tweening.Tween,single,bool,DG.Tweening.Core.Enums.UpdateMode) (at D:/DG/_Develop/__UNITY_ASSETS/_Demigiant/__DOTween/_DOTween.Assembly/DOTween/Core/TweenManager.cs:803)
DG.Tweening.Sequence:ApplyInternalCycle (DG.Tweening.Sequence,single,single,DG.Tweening.Core.Enums.UpdateMode,bool,bool,bool) (at D:/DG/_Develop/__UNITY_ASSETS/_Demigiant/__DOTween/_DOTween.Assembly/DOTween/Sequence.cs:369)
DG.Tweening.Sequence:DoApplyTween (DG.Tweening.Sequence,single,int,int,bool,DG.Tweening.Core.Enums.UpdateMode) (at D:/DG/_Develop/__UNITY_ASSETS/_Demigiant/__DOTween/_DOTween.Assembly/DOTween/Sequence.cs:252)
DG.Tweening.Sequence:ApplyTween (single,int,int,bool,DG.Tweening.Core.Enums.UpdateMode,DG.Tweening.Core.Enums.UpdateNotice) (at D:/DG/_Develop/__UNITY_ASSETS/_Demigiant/__DOTween/_DOTween.Assembly/DOTween/Sequence.cs:166)
DG.Tweening.Tween:DoGoto (DG.Tweening.Tween,single,int,DG.Tweening.Core.Enums.UpdateMode) (at D:/DG/_Develop/__UNITY_ASSETS/_Demigiant/__DOTween/_DOTween.Assembly/DOTween/Tween.cs:266)
DG.Tweening.Core.TweenManager:Update (DG.Tweening.Tween,single,single,bool) (at D:/DG/_Develop/__UNITY_ASSETS/_Demigiant/__DOTween/_DOTween.Assembly/DOTween/Core/TweenManager.cs:596)
DG.Tweening.Core.TweenManager:Update (DG.Tweening.UpdateType,single,single) (at D:/DG/_Develop/__UNITY_ASSETS/_Demigiant/__DOTween/_DOTween.Assembly/DOTween/Core/TweenManager.cs:444)
DG.Tweening.Core.DOTweenComponent:Update () (at D:/DG/_Develop/__UNITY_ASSETS/_Demigiant/__DOTween/_DOTween.Assembly/DOTween/Core/DOTweenComponent.cs:75)

(Filename: D:/DG/_Develop/__UNITY_ASSETS/_Demigiant/__DOTween/_DOTween.Assembly/DOTween/Core/Debugger.cs Line: 61)

<color=#0099bc><b>DOTWEEN ► </b></color>Target or field is missing/null (Void TryThrowEditorNullExceptionObject(UnityEngine.Object, System.String)) ► The object of type 'UnityEngine.RectTransform' has been destroyed but you are still trying to access it.
Your script should either check if it is null or you should not destroy the object.

  at UnityEngine.Object+MarshalledUnityObject.TryThrowEditorNullExceptionObject (UnityEngine.Object unityObj, System.String parameterName) [0x00065] in <2f52b751ded44e96b74c2c8a24c6c65b>:0 
  at UnityEngine.Bindings.ThrowHelper.ThrowNullReferenceException (System.Object obj) [0x0000a] in <2f52b751ded44e96b74c2c8a24c6c65b>:0 
  at UnityEngine.Transform.set_localScale (UnityEngine.Vector3 value) [0x00006] in <2f52b751ded44e96b74c2c8a24c6c65b>:0 
  at DG.Tweening.ShortcutExtensions+<>c__DisplayClass44_0.<DOScale>b__1 (UnityEngine.Vector3 x) [0x00000] in D:\DG\_Develop\__UNITY_ASSETS\_Demigiant\__DOTween\_DOTween.Assembly\DOTween\ShortcutExtensions.cs:621 
  at DG.Tweening.Plugins.Vector3Plugin.EvaluateAndApply (DG.Tweening.Plugins.Options.VectorOptions options, DG.Tweening.Tween t, System.Boolean isRelative, DG.Tweening.Core.DOGetter`1[T] getter, DG.Tweening.Core.DOSetter`1[T] setter, System.Single elapsed, UnityEngine.Vector3 startValue, UnityEngine.Vector3 changeValue, System.Single duration, System.Boolean usingInversePosition, System.Int32 newCompletedSteps, DG.Tweening.Core.Enums.UpdateNotice updateNotice) [0x0022b] in D:\DG\_Develop\__UNITY_ASSETS\_Demigiant\__DOTween\_DOTween.Assembly\DOTween\Plugins\Vector3Plugin.cs:159 
  at DG.Tweening.Core.TweenerCore`3[T1,T2,TPlugOptions].ApplyTween (System.Single prevPosition, System.Int32 prevCompletedLoops, System.Int32 newCompletedSteps, System.Boolean useInversePosition, DG.Tweening.Core.Enums.UpdateMode updateMode, DG.Tweening.Core.Enums.UpdateNotice updateNotice) [0x00030] in D:\DG\_Develop\__UNITY_ASSETS\_Demigiant\__DOTween\_DOTween.Assembly\DOTween\Core\TweenerCore.cs:261 

UnityEngine.Debug:ExtractStackTraceNoAlloc (byte*,int,string)
UnityEngine.StackTraceUtility:ExtractStackTrace ()
UnityEngine.DebugLogHandler:Internal_Log (UnityEngine.LogType,UnityEngine.LogOption,string,UnityEngine.Object)
UnityEngine.DebugLogHandler:LogFormat (UnityEngine.LogType,UnityEngine.Object,string,object[])
UnityEngine.Logger:Log (UnityEngine.LogType,object)
UnityEngine.Debug:LogWarning (object)
DG.Tweening.Core.Debugger:LogSafeModeCapturedError (object,DG.Tweening.Tween) (at D:/DG/_Develop/__UNITY_ASSETS/_Demigiant/__DOTween/_DOTween.Assembly/DOTween/Core/Debugger.cs:61)
DG.Tweening.Core.TweenerCore`3<UnityEngine.Vector3, UnityEngine.Vector3, DG.Tweening.Plugins.Options.VectorOptions>:ApplyTween (single,int,int,bool,DG.Tweening.Core.Enums.UpdateMode,DG.Tweening.Core.Enums.UpdateNotice) (at D:/DG/_Develop/__UNITY_ASSETS/_Demigiant/__DOTween/_DOTween.Assembly/DOTween/Core/TweenerCore.cs:265)
DG.Tweening.Tween:DoGoto (DG.Tweening.Tween,single,int,DG.Tweening.Core.Enums.UpdateMode) (at D:/DG/_Develop/__UNITY_ASSETS/_Demigiant/__DOTween/_DOTween.Assembly/DOTween/Tween.cs:266)
DG.Tweening.Core.TweenManager:Goto (DG.Tweening.Tween,single,bool,DG.Tweening.Core.Enums.UpdateMode) (at D:/DG/_Develop/__UNITY_ASSETS/_Demigiant/__DOTween/_DOTween.Assembly/DOTween/Core/TweenManager.cs:803)
DG.Tweening.Sequence:ApplyInternalCycle (DG.Tweening.Sequence,single,single,DG.Tweening.Core.Enums.UpdateMode,bool,bool,bool) (at D:/DG/_Develop/__UNITY_ASSETS/_Demigiant/__DOTween/_DOTween.Assembly/DOTween/Sequence.cs:369)
DG.Tweening.Sequence:DoApplyTween (DG.Tweening.Sequence,single,int,int,bool,DG.Tweening.Core.Enums.UpdateMode) (at D:/DG/_Develop/__UNITY_ASSETS/_Demigiant/__DOTween/_DOTween.Assembly/DOTween/Sequence.cs:252)
DG.Tweening.Sequence:ApplyTween (single,int,int,bool,DG.Tweening.Core.Enums.UpdateMode,DG.Tweening.Core.Enums.UpdateNotice) (at D:/DG/_Develop/__UNITY_ASSETS/_Demigiant/__DOTween/_DOTween.Assembly/DOTween/Sequence.cs:166)
DG.Tweening.Tween:DoGoto (DG.Tweening.Tween,single,int,DG.Tweening.Core.Enums.UpdateMode) (at D:/DG/_Develop/__UNITY_ASSETS/_Demigiant/__DOTween/_DOTween.Assembly/DOTween/Tween.cs:266)
DG.Tweening.Core.TweenManager:Update (DG.Tweening.Tween,single,single,bool) (at D:/DG/_Develop/__UNITY_ASSETS/_Demigiant/__DOTween/_DOTween.Assembly/DOTween/Core/TweenManager.cs:596)
DG.Tweening.Core.TweenManager:Update (DG.Tweening.UpdateType,single,single) (at D:/DG/_Develop/__UNITY_ASSETS/_Demigiant/__DOTween/_DOTween.Assembly/DOTween/Core/TweenManager.cs:444)
DG.Tweening.Core.DOTweenComponent:Update () (at D:/DG/_Develop/__UNITY_ASSETS/_Demigiant/__DOTween/_DOTween.Assembly/DOTween/Core/DOTweenComponent.cs:75)

(Filename: D:/DG/_Develop/__UNITY_ASSETS/_Demigiant/__DOTween/_DOTween.Assembly/DOTween/Core/Debugger.cs Line: 61)

<color=#0099bc><b>DOTWEEN ► </b></color>Target or field is missing/null (Void TryThrowEditorNullExceptionObject(UnityEngine.Object, System.String)) ► The object of type 'UnityEngine.RectTransform' has been destroyed but you are still trying to access it.
Your script should either check if it is null or you should not destroy the object.

  at UnityEngine.Object+MarshalledUnityObject.TryThrowEditorNullExceptionObject (UnityEngine.Object unityObj, System.String parameterName) [0x00065] in <2f52b751ded44e96b74c2c8a24c6c65b>:0 
  at UnityEngine.Bindings.ThrowHelper.ThrowNullReferenceException (System.Object obj) [0x0000a] in <2f52b751ded44e96b74c2c8a24c6c65b>:0 
  at UnityEngine.Transform.set_localScale (UnityEngine.Vector3 value) [0x00006] in <2f52b751ded44e96b74c2c8a24c6c65b>:0 
  at DG.Tweening.ShortcutExtensions+<>c__DisplayClass44_0.<DOScale>b__1 (UnityEngine.Vector3 x) [0x00000] in D:\DG\_Develop\__UNITY_ASSETS\_Demigiant\__DOTween\_DOTween.Assembly\DOTween\ShortcutExtensions.cs:621 
  at DG.Tweening.Plugins.Vector3Plugin.EvaluateAndApply (DG.Tweening.Plugins.Options.VectorOptions options, DG.Tweening.Tween t, System.Boolean isRelative, DG.Tweening.Core.DOGetter`1[T] getter, DG.Tweening.Core.DOSetter`1[T] setter, System.Single elapsed, UnityEngine.Vector3 startValue, UnityEngine.Vector3 changeValue, System.Single duration, System.Boolean usingInversePosition, System.Int32 newCompletedSteps, DG.Tweening.Core.Enums.UpdateNotice updateNotice) [0x0022b] in D:\DG\_Develop\__UNITY_ASSETS\_Demigiant\__DOTween\_DOTween.Assembly\DOTween\Plugins\Vector3Plugin.cs:159 
  at DG.Tweening.Core.TweenerCore`3[T1,T2,TPlugOptions].ApplyTween (System.Single prevPosition, System.Int32 prevCompletedLoops, System.Int32 newCompletedSteps, System.Boolean useInversePosition, DG.Tweening.Core.Enums.UpdateMode updateMode, DG.Tweening.Core.Enums.UpdateNotice updateNotice) [0x00030] in D:\DG\_Develop\__UNITY_ASSETS\_Demigiant\__DOTween\_DOTween.Assembly\DOTween\Core\TweenerCore.cs:261 

UnityEngine.Debug:ExtractStackTraceNoAlloc (byte*,int,string)
UnityEngine.StackTraceUtility:ExtractStackTrace ()
UnityEngine.DebugLogHandler:Internal_Log (UnityEngine.LogType,UnityEngine.LogOption,string,UnityEngine.Object)
UnityEngine.DebugLogHandler:LogFormat (UnityEngine.LogType,UnityEngine.Object,string,object[])
UnityEngine.Logger:Log (UnityEngine.LogType,object)
UnityEngine.Debug:LogWarning (object)
DG.Tweening.Core.Debugger:LogSafeModeCapturedError (object,DG.Tweening.Tween) (at D:/DG/_Develop/__UNITY_ASSETS/_Demigiant/__DOTween/_DOTween.Assembly/DOTween/Core/Debugger.cs:61)
DG.Tweening.Core.TweenerCore`3<UnityEngine.Vector3, UnityEngine.Vector3, DG.Tweening.Plugins.Options.VectorOptions>:ApplyTween (single,int,int,bool,DG.Tweening.Core.Enums.UpdateMode,DG.Tweening.Core.Enums.UpdateNotice) (at D:/DG/_Develop/__UNITY_ASSETS/_Demigiant/__DOTween/_DOTween.Assembly/DOTween/Core/TweenerCore.cs:265)
DG.Tweening.Tween:DoGoto (DG.Tweening.Tween,single,int,DG.Tweening.Core.Enums.UpdateMode) (at D:/DG/_Develop/__UNITY_ASSETS/_Demigiant/__DOTween/_DOTween.Assembly/DOTween/Tween.cs:266)
DG.Tweening.Core.TweenManager:Goto (DG.Tweening.Tween,single,bool,DG.Tweening.Core.Enums.UpdateMode) (at D:/DG/_Develop/__UNITY_ASSETS/_Demigiant/__DOTween/_DOTween.Assembly/DOTween/Core/TweenManager.cs:803)
DG.Tweening.Sequence:ApplyInternalCycle (DG.Tweening.Sequence,single,single,DG.Tweening.Core.Enums.UpdateMode,bool,bool,bool) (at D:/DG/_Develop/__UNITY_ASSETS/_Demigiant/__DOTween/_DOTween.Assembly/DOTween/Sequence.cs:369)
DG.Tweening.Sequence:DoApplyTween (DG.Tweening.Sequence,single,int,int,bool,DG.Tweening.Core.Enums.UpdateMode) (at D:/DG/_Develop/__UNITY_ASSETS/_Demigiant/__DOTween/_DOTween.Assembly/DOTween/Sequence.cs:252)
DG.Tweening.Sequence:ApplyTween (single,int,int,bool,DG.Tweening.Core.Enums.UpdateMode,DG.Tweening.Core.Enums.UpdateNotice) (at D:/DG/_Develop/__UNITY_ASSETS/_Demigiant/__DOTween/_DOTween.Assembly/DOTween/Sequence.cs:166)
DG.Tweening.Tween:DoGoto (DG.Tweening.Tween,single,int,DG.Tweening.Core.Enums.UpdateMode) (at D:/DG/_Develop/__UNITY_ASSETS/_Demigiant/__DOTween/_DOTween.Assembly/DOTween/Tween.cs:266)
DG.Tweening.Core.TweenManager:Update (DG.Tweening.Tween,single,single,bool) (at D:/DG/_Develop/__UNITY_ASSETS/_Demigiant/__DOTween/_DOTween.Assembly/DOTween/Core/TweenManager.cs:596)
DG.Tweening.Core.TweenManager:Update (DG.Tweening.UpdateType,single,single) (at D:/DG/_Develop/__UNITY_ASSETS/_Demigiant/__DOTween/_DOTween.Assembly/DOTween/Core/TweenManager.cs:444)
DG.Tweening.Core.DOTweenComponent:Update () (at D:/DG/_Develop/__UNITY_ASSETS/_Demigiant/__DOTween/_DOTween.Assembly/DOTween/Core/DOTweenComponent.cs:75)

(Filename: D:/DG/_Develop/__UNITY_ASSETS/_Demigiant/__DOTween/_DOTween.Assembly/DOTween/Core/Debugger.cs Line: 61)

<color=#0099bc><b>DOTWEEN ► </b></color>Target or field is missing/null (Void TryThrowEditorNullExceptionObject(UnityEngine.Object, System.String)) ► The object of type 'UnityEngine.RectTransform' has been destroyed but you are still trying to access it.
Your script should either check if it is null or you should not destroy the object.

  at UnityEngine.Object+MarshalledUnityObject.TryThrowEditorNullExceptionObject (UnityEngine.Object unityObj, System.String parameterName) [0x00065] in <2f52b751ded44e96b74c2c8a24c6c65b>:0 
  at UnityEngine.Bindings.ThrowHelper.ThrowNullReferenceException (System.Object obj) [0x0000a] in <2f52b751ded44e96b74c2c8a24c6c65b>:0 
  at UnityEngine.Transform.set_position (UnityEngine.Vector3 value) [0x00006] in <2f52b751ded44e96b74c2c8a24c6c65b>:0 
  at DG.Tweening.ShortcutExtensions+<>c__DisplayClass32_0.<DOMove>b__1 (UnityEngine.Vector3 x) [0x00000] in D:\DG\_Develop\__UNITY_ASSETS\_Demigiant\__DOTween\_DOTween.Assembly\DOTween\ShortcutExtensions.cs:482 
  at DG.Tweening.Plugins.Vector3Plugin.EvaluateAndApply (DG.Tweening.Plugins.Options.VectorOptions options, DG.Tweening.Tween t, System.Boolean isRelative, DG.Tweening.Core.DOGetter`1[T] getter, DG.Tweening.Core.DOSetter`1[T] setter, System.Single elapsed, UnityEngine.Vector3 startValue, UnityEngine.Vector3 changeValue, System.Single duration, System.Boolean usingInversePosition, System.Int32 newCompletedSteps, DG.Tweening.Core.Enums.UpdateNotice updateNotice) [0x0022b] in D:\DG\_Develop\__UNITY_ASSETS\_Demigiant\__DOTween\_DOTween.Assembly\DOTween\Plugins\Vector3Plugin.cs:159 
  at DG.Tweening.Core.TweenerCore`3[T1,T2,TPlugOptions].ApplyTween (System.Single prevPosition, System.Int32 prevCompletedLoops, System.Int32 newCompletedSteps, System.Boolean useInversePosition, DG.Tweening.Core.Enums.UpdateMode updateMode, DG.Tweening.Core.Enums.UpdateNotice updateNotice) [0x00030] in D:\DG\_Develop\__UNITY_ASSETS\_Demigiant\__DOTween\_DOTween.Assembly\DOTween\Core\TweenerCore.cs:261 

UnityEngine.Debug:ExtractStackTraceNoAlloc (byte*,int,string)
UnityEngine.StackTraceUtility:ExtractStackTrace ()
UnityEngine.DebugLogHandler:Internal_Log (UnityEngine.LogType,UnityEngine.LogOption,string,UnityEngine.Object)
UnityEngine.DebugLogHandler:LogFormat (UnityEngine.LogType,UnityEngine.Object,string,object[])
UnityEngine.Logger:Log (UnityEngine.LogType,object)
UnityEngine.Debug:LogWarning (object)
DG.Tweening.Core.Debugger:LogSafeModeCapturedError (object,DG.Tweening.Tween) (at D:/DG/_Develop/__UNITY_ASSETS/_Demigiant/__DOTween/_DOTween.Assembly/DOTween/Core/Debugger.cs:61)
DG.Tweening.Core.TweenerCore`3<UnityEngine.Vector3, UnityEngine.Vector3, DG.Tweening.Plugins.Options.VectorOptions>:ApplyTween (single,int,int,bool,DG.Tweening.Core.Enums.UpdateMode,DG.Tweening.Core.Enums.UpdateNotice) (at D:/DG/_Develop/__UNITY_ASSETS/_Demigiant/__DOTween/_DOTween.Assembly/DOTween/Core/TweenerCore.cs:265)
DG.Tweening.Tween:DoGoto (DG.Tweening.Tween,single,int,DG.Tweening.Core.Enums.UpdateMode) (at D:/DG/_Develop/__UNITY_ASSETS/_Demigiant/__DOTween/_DOTween.Assembly/DOTween/Tween.cs:266)
DG.Tweening.Core.TweenManager:Goto (DG.Tweening.Tween,single,bool,DG.Tweening.Core.Enums.UpdateMode) (at D:/DG/_Develop/__UNITY_ASSETS/_Demigiant/__DOTween/_DOTween.Assembly/DOTween/Core/TweenManager.cs:803)
DG.Tweening.Sequence:ApplyInternalCycle (DG.Tweening.Sequence,single,single,DG.Tweening.Core.Enums.UpdateMode,bool,bool,bool) (at D:/DG/_Develop/__UNITY_ASSETS/_Demigiant/__DOTween/_DOTween.Assembly/DOTween/Sequence.cs:369)
DG.Tweening.Sequence:DoApplyTween (DG.Tweening.Sequence,single,int,int,bool,DG.Tweening.Core.Enums.UpdateMode) (at D:/DG/_Develop/__UNITY_ASSETS/_Demigiant/__DOTween/_DOTween.Assembly/DOTween/Sequence.cs:275)
DG.Tweening.Sequence:ApplyTween (single,int,int,bool,DG.Tweening.Core.Enums.UpdateMode,DG.Tweening.Core.Enums.UpdateNotice) (at D:/DG/_Develop/__UNITY_ASSETS/_Demigiant/__DOTween/_DOTween.Assembly/DOTween/Sequence.cs:166)
DG.Tweening.Tween:DoGoto (DG.Tweening.Tween,single,int,DG.Tweening.Core.Enums.UpdateMode) (at D:/DG/_Develop/__UNITY_ASSETS/_Demigiant/__DOTween/_DOTween.Assembly/DOTween/Tween.cs:266)
DG.Tweening.Core.TweenManager:Update (DG.Tweening.Tween,single,single,bool) (at D:/DG/_Develop/__UNITY_ASSETS/_Demigiant/__DOTween/_DOTween.Assembly/DOTween/Core/TweenManager.cs:596)
DG.Tweening.Core.TweenManager:Update (DG.Tweening.UpdateType,single,single) (at D:/DG/_Develop/__UNITY_ASSETS/_Demigiant/__DOTween/_DOTween.Assembly/DOTween/Core/TweenManager.cs:444)
DG.Tweening.Core.DOTweenComponent:Update () (at D:/DG/_Develop/__UNITY_ASSETS/_Demigiant/__DOTween/_DOTween.Assembly/DOTween/Core/DOTweenComponent.cs:75)

(Filename: D:/DG/_Develop/__UNITY_ASSETS/_Demigiant/__DOTween/_DOTween.Assembly/DOTween/Core/Debugger.cs Line: 61)

<color=#0099bc><b>DOTWEEN ► </b></color>Target or field is missing/null (Void TryThrowEditorNullExceptionObject(UnityEngine.Object, System.String)) ► The object of type 'UnityEngine.RectTransform' has been destroyed but you are still trying to access it.
Your script should either check if it is null or you should not destroy the object.

  at UnityEngine.Object+MarshalledUnityObject.TryThrowEditorNullExceptionObject (UnityEngine.Object unityObj, System.String parameterName) [0x00065] in <2f52b751ded44e96b74c2c8a24c6c65b>:0 
  at UnityEngine.Bindings.ThrowHelper.ThrowNullReferenceException (System.Object obj) [0x0000a] in <2f52b751ded44e96b74c2c8a24c6c65b>:0 
  at UnityEngine.Transform.set_localScale (UnityEngine.Vector3 value) [0x00006] in <2f52b751ded44e96b74c2c8a24c6c65b>:0 
  at DG.Tweening.ShortcutExtensions+<>c__DisplayClass44_0.<DOScale>b__1 (UnityEngine.Vector3 x) [0x00000] in D:\DG\_Develop\__UNITY_ASSETS\_Demigiant\__DOTween\_DOTween.Assembly\DOTween\ShortcutExtensions.cs:621 
  at DG.Tweening.Plugins.Vector3Plugin.EvaluateAndApply (DG.Tweening.Plugins.Options.VectorOptions options, DG.Tweening.Tween t, System.Boolean isRelative, DG.Tweening.Core.DOGetter`1[T] getter, DG.Tweening.Core.DOSetter`1[T] setter, System.Single elapsed, UnityEngine.Vector3 startValue, UnityEngine.Vector3 changeValue, System.Single duration, System.Boolean usingInversePosition, System.Int32 newCompletedSteps, DG.Tweening.Core.Enums.UpdateNotice updateNotice) [0x0022b] in D:\DG\_Develop\__UNITY_ASSETS\_Demigiant\__DOTween\_DOTween.Assembly\DOTween\Plugins\Vector3Plugin.cs:159 
  at DG.Tweening.Core.TweenerCore`3[T1,T2,TPlugOptions].ApplyTween (System.Single prevPosition, System.Int32 prevCompletedLoops, System.Int32 newCompletedSteps, System.Boolean useInversePosition, DG.Tweening.Core.Enums.UpdateMode updateMode, DG.Tweening.Core.Enums.UpdateNotice updateNotice) [0x00030] in D:\DG\_Develop\__UNITY_ASSETS\_Demigiant\__DOTween\_DOTween.Assembly\DOTween\Core\TweenerCore.cs:261 

UnityEngine.Debug:ExtractStackTraceNoAlloc (byte*,int,string)
UnityEngine.StackTraceUtility:ExtractStackTrace ()
UnityEngine.DebugLogHandler:Internal_Log (UnityEngine.LogType,UnityEngine.LogOption,string,UnityEngine.Object)
UnityEngine.DebugLogHandler:LogFormat (UnityEngine.LogType,UnityEngine.Object,string,object[])
UnityEngine.Logger:Log (UnityEngine.LogType,object)
UnityEngine.Debug:LogWarning (object)
DG.Tweening.Core.Debugger:LogSafeModeCapturedError (object,DG.Tweening.Tween) (at D:/DG/_Develop/__UNITY_ASSETS/_Demigiant/__DOTween/_DOTween.Assembly/DOTween/Core/Debugger.cs:61)
DG.Tweening.Core.TweenerCore`3<UnityEngine.Vector3, UnityEngine.Vector3, DG.Tweening.Plugins.Options.VectorOptions>:ApplyTween (single,int,int,bool,DG.Tweening.Core.Enums.UpdateMode,DG.Tweening.Core.Enums.UpdateNotice) (at D:/DG/_Develop/__UNITY_ASSETS/_Demigiant/__DOTween/_DOTween.Assembly/DOTween/Core/TweenerCore.cs:265)
DG.Tweening.Tween:DoGoto (DG.Tweening.Tween,single,int,DG.Tweening.Core.Enums.UpdateMode) (at D:/DG/_Develop/__UNITY_ASSETS/_Demigiant/__DOTween/_DOTween.Assembly/DOTween/Tween.cs:266)
DG.Tweening.Core.TweenManager:Goto (DG.Tweening.Tween,single,bool,DG.Tweening.Core.Enums.UpdateMode) (at D:/DG/_Develop/__UNITY_ASSETS/_Demigiant/__DOTween/_DOTween.Assembly/DOTween/Core/TweenManager.cs:803)
DG.Tweening.Sequence:ApplyInternalCycle (DG.Tweening.Sequence,single,single,DG.Tweening.Core.Enums.UpdateMode,bool,bool,bool) (at D:/DG/_Develop/__UNITY_ASSETS/_Demigiant/__DOTween/_DOTween.Assembly/DOTween/Sequence.cs:369)
DG.Tweening.Sequence:DoApplyTween (DG.Tweening.Sequence,single,int,int,bool,DG.Tweening.Core.Enums.UpdateMode) (at D:/DG/_Develop/__UNITY_ASSETS/_Demigiant/__DOTween/_DOTween.Assembly/DOTween/Sequence.cs:275)
DG.Tweening.Sequence:ApplyTween (single,int,int,bool,DG.Tweening.Core.Enums.UpdateMode,DG.Tweening.Core.Enums.UpdateNotice) (at D:/DG/_Develop/__UNITY_ASSETS/_Demigiant/__DOTween/_DOTween.Assembly/DOTween/Sequence.cs:166)
DG.Tweening.Tween:DoGoto (DG.Tweening.Tween,single,int,DG.Tweening.Core.Enums.UpdateMode) (at D:/DG/_Develop/__UNITY_ASSETS/_Demigiant/__DOTween/_DOTween.Assembly/DOTween/Tween.cs:266)
DG.Tweening.Core.TweenManager:Update (DG.Tweening.Tween,single,single,bool) (at D:/DG/_Develop/__UNITY_ASSETS/_Demigiant/__DOTween/_DOTween.Assembly/DOTween/Core/TweenManager.cs:596)
DG.Tweening.Core.TweenManager:Update (DG.Tweening.UpdateType,single,single) (at D:/DG/_Develop/__UNITY_ASSETS/_Demigiant/__DOTween/_DOTween.Assembly/DOTween/Core/TweenManager.cs:444)
DG.Tweening.Core.DOTweenComponent:Update () (at D:/DG/_Develop/__UNITY_ASSETS/_Demigiant/__DOTween/_DOTween.Assembly/DOTween/Core/DOTweenComponent.cs:75)

(Filename: D:/DG/_Develop/__UNITY_ASSETS/_Demigiant/__DOTween/_DOTween.Assembly/DOTween/Core/Debugger.cs Line: 61)

<color=#0099bc><b>DOTWEEN ► </b></color>Target or field is missing/null (Void TryThrowEditorNullExceptionObject(UnityEngine.Object, System.String)) ► The object of type 'UnityEngine.RectTransform' has been destroyed but you are still trying to access it.
Your script should either check if it is null or you should not destroy the object.

  at UnityEngine.Object+MarshalledUnityObject.TryThrowEditorNullExceptionObject (UnityEngine.Object unityObj, System.String parameterName) [0x00065] in <2f52b751ded44e96b74c2c8a24c6c65b>:0 
  at UnityEngine.Bindings.ThrowHelper.ThrowNullReferenceException (System.Object obj) [0x0000a] in <2f52b751ded44e96b74c2c8a24c6c65b>:0 
  at UnityEngine.Transform.set_position (UnityEngine.Vector3 value) [0x00006] in <2f52b751ded44e96b74c2c8a24c6c65b>:0 
  at DG.Tweening.ShortcutExtensions+<>c__DisplayClass32_0.<DOMove>b__1 (UnityEngine.Vector3 x) [0x00000] in D:\DG\_Develop\__UNITY_ASSETS\_Demigiant\__DOTween\_DOTween.Assembly\DOTween\ShortcutExtensions.cs:482 
  at DG.Tweening.Plugins.Vector3Plugin.EvaluateAndApply (DG.Tweening.Plugins.Options.VectorOptions options, DG.Tweening.Tween t, System.Boolean isRelative, DG.Tweening.Core.DOGetter`1[T] getter, DG.Tweening.Core.DOSetter`1[T] setter, System.Single elapsed, UnityEngine.Vector3 startValue, UnityEngine.Vector3 changeValue, System.Single duration, System.Boolean usingInversePosition, System.Int32 newCompletedSteps, DG.Tweening.Core.Enums.UpdateNotice updateNotice) [0x0022b] in D:\DG\_Develop\__UNITY_ASSETS\_Demigiant\__DOTween\_DOTween.Assembly\DOTween\Plugins\Vector3Plugin.cs:159 
  at DG.Tweening.Core.TweenerCore`3[T1,T2,TPlugOptions].ApplyTween (System.Single prevPosition, System.Int32 prevCompletedLoops, System.Int32 newCompletedSteps, System.Boolean useInversePosition, DG.Tweening.Core.Enums.UpdateMode updateMode, DG.Tweening.Core.Enums.UpdateNotice updateNotice) [0x00030] in D:\DG\_Develop\__UNITY_ASSETS\_Demigiant\__DOTween\_DOTween.Assembly\DOTween\Core\TweenerCore.cs:261 

UnityEngine.Debug:ExtractStackTraceNoAlloc (byte*,int,string)
UnityEngine.StackTraceUtility:ExtractStackTrace ()
UnityEngine.DebugLogHandler:Internal_Log (UnityEngine.LogType,UnityEngine.LogOption,string,UnityEngine.Object)
UnityEngine.DebugLogHandler:LogFormat (UnityEngine.LogType,UnityEngine.Object,string,object[])
UnityEngine.Logger:Log (UnityEngine.LogType,object)
UnityEngine.Debug:LogWarning (object)
DG.Tweening.Core.Debugger:LogSafeModeCapturedError (object,DG.Tweening.Tween) (at D:/DG/_Develop/__UNITY_ASSETS/_Demigiant/__DOTween/_DOTween.Assembly/DOTween/Core/Debugger.cs:61)
DG.Tweening.Core.TweenerCore`3<UnityEngine.Vector3, UnityEngine.Vector3, DG.Tweening.Plugins.Options.VectorOptions>:ApplyTween (single,int,int,bool,DG.Tweening.Core.Enums.UpdateMode,DG.Tweening.Core.Enums.UpdateNotice) (at D:/DG/_Develop/__UNITY_ASSETS/_Demigiant/__DOTween/_DOTween.Assembly/DOTween/Core/TweenerCore.cs:265)
DG.Tweening.Tween:DoGoto (DG.Tweening.Tween,single,int,DG.Tweening.Core.Enums.UpdateMode) (at D:/DG/_Develop/__UNITY_ASSETS/_Demigiant/__DOTween/_DOTween.Assembly/DOTween/Tween.cs:266)
DG.Tweening.Core.TweenManager:Goto (DG.Tweening.Tween,single,bool,DG.Tweening.Core.Enums.UpdateMode) (at D:/DG/_Develop/__UNITY_ASSETS/_Demigiant/__DOTween/_DOTween.Assembly/DOTween/Core/TweenManager.cs:803)
DG.Tweening.Sequence:ApplyInternalCycle (DG.Tweening.Sequence,single,single,DG.Tweening.Core.Enums.UpdateMode,bool,bool,bool) (at D:/DG/_Develop/__UNITY_ASSETS/_Demigiant/__DOTween/_DOTween.Assembly/DOTween/Sequence.cs:369)
DG.Tweening.Sequence:DoApplyTween (DG.Tweening.Sequence,single,int,int,bool,DG.Tweening.Core.Enums.UpdateMode) (at D:/DG/_Develop/__UNITY_ASSETS/_Demigiant/__DOTween/_DOTween.Assembly/DOTween/Sequence.cs:275)
DG.Tweening.Sequence:ApplyTween (single,int,int,bool,DG.Tweening.Core.Enums.UpdateMode,DG.Tweening.Core.Enums.UpdateNotice) (at D:/DG/_Develop/__UNITY_ASSETS/_Demigiant/__DOTween/_DOTween.Assembly/DOTween/Sequence.cs:166)
DG.Tweening.Tween:DoGoto (DG.Tweening.Tween,single,int,DG.Tweening.Core.Enums.UpdateMode) (at D:/DG/_Develop/__UNITY_ASSETS/_Demigiant/__DOTween/_DOTween.Assembly/DOTween/Tween.cs:266)
DG.Tweening.Core.TweenManager:Update (DG.Tweening.Tween,single,single,bool) (at D:/DG/_Develop/__UNITY_ASSETS/_Demigiant/__DOTween/_DOTween.Assembly/DOTween/Core/TweenManager.cs:596)
DG.Tweening.Core.TweenManager:Update (DG.Tweening.UpdateType,single,single) (at D:/DG/_Develop/__UNITY_ASSETS/_Demigiant/__DOTween/_DOTween.Assembly/DOTween/Core/TweenManager.cs:444)
DG.Tweening.Core.DOTweenComponent:Update () (at D:/DG/_Develop/__UNITY_ASSETS/_Demigiant/__DOTween/_DOTween.Assembly/DOTween/Core/DOTweenComponent.cs:75)

(Filename: D:/DG/_Develop/__UNITY_ASSETS/_Demigiant/__DOTween/_DOTween.Assembly/DOTween/Core/Debugger.cs Line: 61)

<color=#0099bc><b>DOTWEEN ► </b></color>An error inside a tween callback was taken care of (Void TryThrowEditorNullExceptionObject(UnityEngine.Object, System.String)) ► The object of type 'DamageTextUI' has been destroyed but you are still trying to access it.
Your script should either check if it is null or you should not destroy the object.

  at UnityEngine.Object+MarshalledUnityObject.TryThrowEditorNullExceptionObject (UnityEngine.Object unityObj, System.String parameterName) [0x00065] in <2f52b751ded44e96b74c2c8a24c6c65b>:0 
  at UnityEngine.Bindings.ThrowHelper.ThrowNullReferenceException (System.Object obj) [0x0000a] in <2f52b751ded44e96b74c2c8a24c6c65b>:0 
  at UnityEngine.Component.get_gameObject () [0x00006] in <2f52b751ded44e96b74c2c8a24c6c65b>:0 
  at DamageTextUI.<ShowDamage>b__7_0 () [0x00000] in C:\Users\abi\My project (3)\Assets\Scripts\DamageTextUI.cs:46 
  at DG.Tweening.Tween.OnTweenCallback (DG.Tweening.TweenCallback callback, DG.Tweening.Tween t) [0x00007] in D:\DG\_Develop\__UNITY_ASSETS\_Demigiant\__DOTween\_DOTween.Assembly\DOTween\Tween.cs:298 

UnityEngine.Debug:ExtractStackTraceNoAlloc (byte*,int,string)
UnityEngine.StackTraceUtility:ExtractStackTrace ()
UnityEngine.DebugLogHandler:Internal_Log (UnityEngine.LogType,UnityEngine.LogOption,string,UnityEngine.Object)
UnityEngine.DebugLogHandler:LogFormat (UnityEngine.LogType,UnityEngine.Object,string,object[])
UnityEngine.Logger:Log (UnityEngine.LogType,object)
UnityEngine.Debug:LogWarning (object)
DG.Tweening.Core.Debugger:LogSafeModeCapturedError (object,DG.Tweening.Tween) (at D:/DG/_Develop/__UNITY_ASSETS/_Demigiant/__DOTween/_DOTween.Assembly/DOTween/Core/Debugger.cs:61)
DG.Tweening.Tween:OnTweenCallback (DG.Tweening.TweenCallback,DG.Tweening.Tween) (at D:/DG/_Develop/__UNITY_ASSETS/_Demigiant/__DOTween/_DOTween.Assembly/DOTween/Tween.cs:301)
DG.Tweening.Tween:DoGoto (DG.Tweening.Tween,single,int,DG.Tweening.Core.Enums.UpdateMode) (at D:/DG/_Develop/__UNITY_ASSETS/_Demigiant/__DOTween/_DOTween.Assembly/DOTween/Tween.cs:282)
DG.Tweening.Core.TweenManager:Update (DG.Tweening.Tween,single,single,bool) (at D:/DG/_Develop/__UNITY_ASSETS/_Demigiant/__DOTween/_DOTween.Assembly/DOTween/Core/TweenManager.cs:596)
DG.Tweening.Core.TweenManager:Update (DG.Tweening.UpdateType,single,single) (at D:/DG/_Develop/__UNITY_ASSETS/_Demigiant/__DOTween/_DOTween.Assembly/DOTween/Core/TweenManager.cs:444)
DG.Tweening.Core.DOTweenComponent:Update () (at D:/DG/_Develop/__UNITY_ASSETS/_Demigiant/__DOTween/_DOTween.Assembly/DOTween/Core/DOTweenComponent.cs:75)

(Filename: D:/DG/_Develop/__UNITY_ASSETS/_Demigiant/__DOTween/_DOTween.Assembly/DOTween/Core/Debugger.cs Line: 61)

<color=#0099bc><b>DOTWEEN ► </b></color>An error inside a tween callback was taken care of (Void TryThrowEditorNullExceptionObject(UnityEngine.Object, System.String)) ► The object of type 'DamageTextUI' has been destroyed but you are still trying to access it.
Your script should either check if it is null or you should not destroy the object.

  at UnityEngine.Object+MarshalledUnityObject.TryThrowEditorNullExceptionObject (UnityEngine.Object unityObj, System.String parameterName) [0x00065] in <2f52b751ded44e96b74c2c8a24c6c65b>:0 
  at UnityEngine.Bindings.ThrowHelper.ThrowNullReferenceException (System.Object obj) [0x0000a] in <2f52b751ded44e96b74c2c8a24c6c65b>:0 
  at UnityEngine.Component.get_gameObject () [0x00006] in <2f52b751ded44e96b74c2c8a24c6c65b>:0 
  at DamageTextUI.<ShowDamage>b__7_0 () [0x00000] in C:\Users\abi\My project (3)\Assets\Scripts\DamageTextUI.cs:46 
  at DG.Tweening.Tween.OnTweenCallback (DG.Tweening.TweenCallback callback, DG.Tweening.Tween t) [0x00007] in D:\DG\_Develop\__UNITY_ASSETS\_Demigiant\__DOTween\_DOTween.Assembly\DOTween\Tween.cs:298 

UnityEngine.Debug:ExtractStackTraceNoAlloc (byte*,int,string)
UnityEngine.StackTraceUtility:ExtractStackTrace ()
UnityEngine.DebugLogHandler:Internal_Log (UnityEngine.LogType,UnityEngine.LogOption,string,UnityEngine.Object)
UnityEngine.DebugLogHandler:LogFormat (UnityEngine.LogType,UnityEngine.Object,string,object[])
UnityEngine.Logger:Log (UnityEngine.LogType,object)
UnityEngine.Debug:LogWarning (object)
DG.Tweening.Core.Debugger:LogSafeModeCapturedError (object,DG.Tweening.Tween) (at D:/DG/_Develop/__UNITY_ASSETS/_Demigiant/__DOTween/_DOTween.Assembly/DOTween/Core/Debugger.cs:61)
DG.Tweening.Tween:OnTweenCallback (DG.Tweening.TweenCallback,DG.Tweening.Tween) (at D:/DG/_Develop/__UNITY_ASSETS/_Demigiant/__DOTween/_DOTween.Assembly/DOTween/Tween.cs:301)
DG.Tweening.Tween:DoGoto (DG.Tweening.Tween,single,int,DG.Tweening.Core.Enums.UpdateMode) (at D:/DG/_Develop/__UNITY_ASSETS/_Demigiant/__DOTween/_DOTween.Assembly/DOTween/Tween.cs:282)
DG.Tweening.Core.TweenManager:Update (DG.Tweening.Tween,single,single,bool) (at D:/DG/_Develop/__UNITY_ASSETS/_Demigiant/__DOTween/_DOTween.Assembly/DOTween/Core/TweenManager.cs:596)
DG.Tweening.Core.TweenManager:Update (DG.Tweening.UpdateType,single,single) (at D:/DG/_Develop/__UNITY_ASSETS/_Demigiant/__DOTween/_DOTween.Assembly/DOTween/Core/TweenManager.cs:444)
DG.Tweening.Core.DOTweenComponent:Update () (at D:/DG/_Develop/__UNITY_ASSETS/_Demigiant/__DOTween/_DOTween.Assembly/DOTween/Core/DOTweenComponent.cs:75)

(Filename: D:/DG/_Develop/__UNITY_ASSETS/_Demigiant/__DOTween/_DOTween.Assembly/DOTween/Core/Debugger.cs Line: 61)

<color=#ff7337><color=#0099bc><b>DOTWEEN ► </b></color> SAFE MODE ►</color> DOTween's safe mode captured 55 errors. This is usually ok (it's what safe mode is there for) but if your game is encountering issues you should set Log Behaviour to Default in DOTween Utility Panel in order to get detailed warnings when an error is captured (consider that these errors are always on the user side).
- 53 missing target or field errors
- 2 errors inside callbacks (these might be important)
UnityEngine.Debug:ExtractStackTraceNoAlloc (byte*,int,string)
UnityEngine.StackTraceUtility:ExtractStackTrace ()
UnityEngine.DebugLogHandler:Internal_Log (UnityEngine.LogType,UnityEngine.LogOption,string,UnityEngine.Object)
UnityEngine.DebugLogHandler:LogFormat (UnityEngine.LogType,UnityEngine.Object,string,object[])
UnityEngine.Logger:Log (UnityEngine.LogType,object)
UnityEngine.Debug:LogWarning (object)
DG.Tweening.Core.Debugger:LogSafeModeReport (object) (at D:/DG/_Develop/__UNITY_ASSETS/_Demigiant/__DOTween/_DOTween.Assembly/DOTween/Core/Debugger.cs:80)
DG.Tweening.Core.DOTweenComponent:OnDestroy () (at D:/DG/_Develop/__UNITY_ASSETS/_Demigiant/__DOTween/_DOTween.Assembly/DOTween/Core/DOTweenComponent.cs:156)

(Filename: D:/DG/_Develop/__UNITY_ASSETS/_Demigiant/__DOTween/_DOTween.Assembly/DOTween/Core/Debugger.cs Line: 80)

Unloading 0 Unused Serialized files (Serialized files now loaded: 0)
Loaded scene 'Temp/__Backupscenes/0.backup'
	Deserialize:            6.996 ms
	Integration:            456.513 ms
	Integration of assets:  0.015 ms
	Thread Wait Time:       0.086 ms
	Total Operation Time:   463.610 ms
Unloading 0 unused Assets / (335.2 KB). Loaded Objects now: 9038.
Memory consumption went from 0.64 GB to 0.64 GB.
Total: 60.827100 ms (FindLiveObjects: 1.322300 ms CreateObjectMapping: 3.299000 ms MarkObjects: 56.155300 ms  DeleteObjects: 0.047500 ms)

[Licensing::Client] Successfully resolved entitlement details
Asset Pipeline Refresh (id=b976f6f22d2e60d45925595f19c705b1): Total: 0.035 seconds - Initiated by RefreshV2(AllowForceSynchronousImport)
MonoPathRemapper: Attempts to remap: 60124; Successful remaps: 25226
Serialized file version minimum: 23, current 23
[LAYOUT] About to save layout C:\Users\abi\My project (3)\UserSettings\Layouts\default-6000.dwlt
[LAYOUT] About to save layout C:/Users/abi/AppData/Roaming/Unity/Editor-5.x/Preferences\Layouts\current\default-6000.dwlt
Clearing [OpenSans-ExtraBold SDF] dynamic font asset data.
UnityEngine.Debug:ExtractStackTraceNoAlloc (byte*,int,string)
UnityEngine.StackTraceUtility:ExtractStackTrace ()
UnityEngine.DebugLogHandler:Internal_Log (UnityEngine.LogType,UnityEngine.LogOption,string,UnityEngine.Object)
UnityEngine.DebugLogHandler:LogFormat (UnityEngine.LogType,UnityEngine.Object,string,object[])
UnityEngine.Logger:Log (UnityEngine.LogType,object)
UnityEngine.Debug:Log (object)
TMPro.EditorEventCallbacks/<>c:<InitializeFontAssetResourceChangeCallBacks>b__0_0 () (at ./Library/PackageCache/com.unity.ugui@1c4864518158/Editor/TMP/TMP_EditorResourceManager.cs:36)
UnityEditor.EditorApplication:Internal_EditorApplicationQuit ()

(Filename: ./Library/PackageCache/com.unity.ugui@1c4864518158/Editor/TMP/TMP_EditorResourceManager.cs Line: 36)

Clearing [OpenSans_Condensed-ExtraBold SDF] dynamic font asset data.
UnityEngine.Debug:ExtractStackTraceNoAlloc (byte*,int,string)
UnityEngine.StackTraceUtility:ExtractStackTrace ()
UnityEngine.DebugLogHandler:Internal_Log (UnityEngine.LogType,UnityEngine.LogOption,string,UnityEngine.Object)
UnityEngine.DebugLogHandler:LogFormat (UnityEngine.LogType,UnityEngine.Object,string,object[])
UnityEngine.Logger:Log (UnityEngine.LogType,object)
UnityEngine.Debug:Log (object)
TMPro.EditorEventCallbacks/<>c:<InitializeFontAssetResourceChangeCallBacks>b__0_0 () (at ./Library/PackageCache/com.unity.ugui@1c4864518158/Editor/TMP/TMP_EditorResourceManager.cs:36)
UnityEditor.EditorApplication:Internal_EditorApplicationQuit ()

(Filename: ./Library/PackageCache/com.unity.ugui@1c4864518158/Editor/TMP/TMP_EditorResourceManager.cs Line: 36)

Importing 'GUID: 3a5cc64970e90864fbf614e69e78c747 - Path: Assets/Fonts/OpenSans-ExtraBold SDF.asset' with importer (NativeFormatImporter)
Imported 'GUID: 3a5cc64970e90864fbf614e69e78c747' -> (Import Result ID: '9ef168309758ce629a2fa1c7ac9f900d') in 0.063 seconds [static dependencies only]. Details - ImportResultOutputID=3f56be2bd0cfa20cf916644c960ece77 DependenciesID=3646687645b2b2010854150f0b9203f3 StaticDependenciesID=6499ac4972634096b5ff31eccf975e90 
Importing 'GUID: 6be6c6f25f7c82141ba790be401af7f0 - Path: Assets/Resources/DOTweenSettings.asset' with importer (NativeFormatImporter)
Imported 'GUID: 6be6c6f25f7c82141ba790be401af7f0' -> (Import Result ID: '18fe6901684bd70ec0409619c23f7ae7') in 0.047 seconds [static dependencies only]. Details - ImportResultOutputID=5f61911dc9629bf719375088045bebc4 DependenciesID=807179b1735c9a041224438ff0fcb586 StaticDependenciesID=e2f37391356edbb74c3bb09d91e836c1 
Importing 'GUID: eba2caae3eeaa7948a21c4d29b43f2d0 - Path: Assets/Fonts/OpenSans_Condensed-ExtraBold SDF.asset' with importer (NativeFormatImporter)
Imported 'GUID: eba2caae3eeaa7948a21c4d29b43f2d0' -> (Import Result ID: '7c87ddc0a93b9eefdce83a6c6f9a60fe') in 0.041 seconds [static dependencies only]. Details - ImportResultOutputID=5ae5a528f07a89cb7742ac689ab754fc DependenciesID=2020d4754c15b6fc417ed6ec8a263b73 StaticDependenciesID=4ecc619be11b772ed70336f57afd063d 
Refreshing native plugins compatible for Editor in 3.21 ms, found 4 plugins.

Asset Pipeline Refresh (id=9da5946815fd4354c9fb0895eab3687a): Total: 0.753 seconds - Initiated by StopAssetImportingV2(NoUpdateAssetOptions)
	(Values over 0.05ms)
	Summary:
		Imports: total=3 (actual=3, local cache=0, cache server=0)
		Asset DB Process Time: managed=9 ms, native=575 ms
		Asset DB Callback time: managed=80 ms, native=87 ms
		Scripting: domain reloads=0, domain reload time=0 ms, compile time=0 ms, other=0 ms
		Project Asset Count: scripts=1416, non-scripts=3101
		Asset File Changes: new=0, changed=0, moved=0, deleted=0
		Scan Filter Count: 6
	ApplyChangesToAssetFolders: 0.217ms
	Scan: 259.532ms
	Collect global state as custom dependencies: 0.453ms
	ProcessAssetsWithTransientArtifactChanges: 0.185ms
	CategorizeAssets: 2.331ms
	ImportOutOfDateAssets: 316.696ms (12.643ms without children)
		ImportManagerImport: 185.947ms (14.665ms without children)
			UpdateCategorizedAssets: 0.161ms
		ReloadNativeAssets: 0.175ms
		UnloadImportedAssets: 0.309ms
		EnsureUptoDateAssetsAreRegisteredWithGuidPM: 1.507ms
		ImportSchedulerStart: 116.082ms
	PostProcessAllAssets: 162.767ms
		XRBuildSystem.XRAssetImported 81.306ms
		MonoPostProcessAllAssets: 80.691ms
			SyncVS.PostprocessSyncProject 38.993ms
			BuilderAssetPostprocessor.OnPostprocessAllAssets 11.336ms
			AssetPostprocessor.OnPostprocessAllAssets 6.729ms
			ShaderGraphAssetPostProcessor.OnPostprocessAllAssets 3.074ms
			AssetChangedListener.OnPostprocessAllAssets 2.777ms
			RetainedModeAssetPostprocessor.OnPostprocessAllAssets 2.297ms
			TMPro_TexturePostProcessor.OnPostprocessAllAssets 2.050ms
			ArtifactBrowserPostProcessor.OnPostprocessAllAssets 1.687ms
			UtilityWindowPostProcessor.OnPostprocessAllAssets 1.433ms
			UVCSAssetPostprocessor.OnPostprocessAllAssets 1.340ms
			MaterialPostprocessor.OnPostprocessAllAssets 0.940ms
			SampleDependencyImporterPostProcessor.OnPostprocessAllAssets 0.703ms
			TextAssetPostProcessor.OnPostprocessAllAssets 0.599ms
			RenderPipelineGlobalSettingsPostprocessor.OnPostprocessAllAssets 0.564ms
			ScenarioDriftAssetsTracker.OnPostprocessAllAssets 0.503ms
			AudioMixerPostprocessor.OnPostprocessAllAssets 0.489ms
			InputActionJsonNameModifierAssetProcessor.OnPostprocessAllAssets 0.451ms
			PostProcessor.OnPostprocessAllAssets 0.423ms
			AssetEvents.OnPostprocessAllAssets 0.406ms
			StyleCatalogPostProcessor.OnPostprocessAllAssets 0.397ms
			ConfigAssetsTracker.OnPostprocessAllAssets 0.343ms
			SamplePostprocessor.OnPostprocessAllAssets 0.271ms
			AssetReloadNotifier.OnPostprocessAllAssets 0.249ms
			SpeedTreePostProcessor.OnPostprocessAllAssets 0.239ms
			InputActionAssetPostprocessor.OnPostprocessAllAssets 0.184ms
			AudioContainerPostProcessor.OnPostprocessAllAssets 0.108ms
	PostAssetChangesProfiler: 5.334ms
	GatherAllCurrentPrimaryImportResultRevisions: 0.986ms
	UnloadStreamsBegin: 0.369ms
	PersistCurrentRevisions: 0.248ms
	UnloadStreamsEnd: 0.086ms
	Untracked: 3.902ms

Input System module state changed to: ShutdownInProgress.
Input Polling Thread exited.
Input System module state changed to: Shutdown.
[Physics::Module] Cleanup current backend.
[Physics::Module] Id: 0xf2b8ea05
[Licensing::IpcConnector] LicenseClient-abi-6000.5.9-notifications channel disconnected successfully.
[Licensing::IpcConnector] LicenseClient-abi-6000.5.9 channel disconnected successfully.
Worker process still running after shutdown timeout - Worker ID: 0, Name: AssetImportWorkerHW0
Waited for 1 workers to exit gracefully, force killed 1 workers
WorkerManagerASIO did not receive session closed signal from shut down worker (0/1 closed)
Lingering sessions upon destruction of worker manager
AcceleratorClientConnectionCallback - disconnected - :0
Cleanup mono
CodeReloadManager destroyed
Shut down.
debugger-agent: Unable to listen on 4844
Checking for leaked weakptr:
  Found no leaked weakptrs.
[Package Manager] Server process was shutdown
##utp:{"type":"MemoryLeaks","version":2,"phase":"Immediate","time":1789308772839,"processId":16332,"allocatedMemory":52698427,"memoryLabels":[{"Default":211907},{"Permanent":15516},{"NewDelete":75061},{"Thread":4209784},{"Manager":820136},{"VertexData":8},{"Geometry":816},{"Texture":24},{"Shader":867660},{"Material":24},{"GfxDevice":63416},{"GfxThread":13824},{"Animation":39864},{"Audio":1168},{"FreeType":8},{"FontEngine":736},{"Physics":2146},{"Physics2D":16},{"Serialization":220656},{"Input":45280},{"JobScheduler":256},{"TextLib":19030},{"Mono":48},{"MonoCode":128},{"ScriptingNativeRuntime":1650860},{"BaseObject":1621960},{"Resource":1208},{"Renderer":3080},{"Transform":4685},{"File":4009},{"WebCam":616},{"Culling":32},{"Terrain":11442},{"Wind":24},{"STL":40},{"String":9661},{"StaticString":3808},{"Utility":2673450},{"PoolAlloc":2360},{"AI":80},{"TypeTree":14869},{"CodeReload":448},{"RuntimeInitializeOnLoadManager":64},{"Sprites":102},{"SpriteAtlas":120},{"GI":7816},{"CloudService":6920},{"WebRequest":8696},{"VR":47114},{"SceneManager":608},{"Video":208},{"LazyScriptCache":32},{"NativeArray":33043620},{"Camera":17},{"Secure":265},{"SerializationCache":1576},{"APIUpdating":10320},{"Subsystems":336},{"VirtualTexturing":57888},{"StaticSafetyDebugInfo":278528},{"Analytics":552},{"Hierarchy":1176},{"UIElements":469136},{"CoreStats":13688},{"Identifiers":6768},{"Gui":803249},{"EditorUtility":264921},{"VersionControl":8},{"Undo":931},{"AssetDatabase":5047147},{"AssetImporter":40},{"EditorGi":328},{"UnityConnect":35346},{"Upm":1988},{"UpmDiagnostics":8},{"AssetCompliance":64},{"DrivenProperties":72},{"LocalIPC":209},{"ProfilerEditor":9746},{"CoreBusinessMetrics":3476},{"Windowing":456},{"Licensing":664},{"AssetReference":32},{"IPCStream":32}]}
